phone_number,email,l_id,l_name,salary_per_month
902-787-3062x720,brettacevedo@example.com,4648949,Laura Jones,26278
(730)755-3844x532,alejandro16@example.org,1161454,Veronica Alexander,44189
6986079016,ewallace@example.org,7841544,Patrick Leon,26602
001-230-893-9447x85778,michael62@example.org,5789603,Kevin Wood,26074
(836)698-0532x8006,gary50@example.org,6820473,Melanie Brooks,31552
864.263.4310x27516,james40@example.com,5970291,Jade Robles,35749
(500)537-1860x2386,fparker@example.net,8658930,Gregory Davis,29442
810.750.6489,burkerichard@example.org,6091278,Brian Bender,22953
4103870286,waynecrane@example.net,6272248,Seth Buckley,37364
8039063789,dbeck@example.net,4692198,Elizabeth Hernandez,32301
+1-883-806-6641x5736,schultzmolly@example.net,1203133,Mark Morris,24271
247.692.9531x87411,zhughes@example.org,5114475,Sean Collins,34644
(808)322-2442x714,imiller@example.net,8842424,Renee Ruiz,22945
331-493-3844,fernandezjulie@example.net,3740256,Lisa Perkins,29480
001-484-299-1767x608,wburton@example.org,6766599,Justin Curry,36703
(256)231-1197,elizabeth64@example.net,5524961,Victoria Ford,26081
001-892-445-0486x2484,cindygood@example.org,3892873,Sarah Lee,39578
+1-494-742-3416x157,johnsoto@example.net,9628649,Haley Thomas,22665
8048514556,garzaalexa@example.net,2934383,Dominique Goodwin,28944
(711)741-5659x00567,jscott@example.org,8527360,Lisa Carpenter,40748
+1-801-278-8344x571,raymondmathews@example.com,8924027,Valerie Summers,21117
544-242-9344x618,greenanthony@example.net,5380293,Eric Huang,41895
(788)237-1695x5909,robert14@example.net,7921735,Karen Erickson,44080
6173669821,johnsonjoseph@example.org,8050852,John Smith,20024
+1-936-210-4706x381,patrickdanielle@example.org,8610779,Beth Anderson,36908
+1-889-980-2499x05464,bryan10@example.net,9647069,Jennifer Kirby,37432
(674)910-2081,simpsonjoshua@example.org,5088037,Joshua Simmons,27196
(755)718-5741,andersonedward@example.net,9361865,Donald Wade,41318
562.452.4029,lauren55@example.com,6916561,Darrell Brady,40244
+1-375-849-2406,martinezjohn@example.com,4008533,Ashley Ortega,37166
(315)397-7655,georgevasquez@example.org,7532823,Courtney Cook,22386
001-970-706-9521x498,amandajohnson@example.com,7818187,Timothy Kelley,23824
515-930-8411x59370,schmidttracey@example.net,8465021,Pedro Mendez,33160
581-313-9992x7891,barnesderek@example.net,6389194,Kyle Henry,26286
347-399-6053x51486,shirley20@example.org,8002639,George Shea,20266
(871)582-4028,christinecraig@example.net,7271709,Shane Ponce,20952
(453)840-3790x19679,robert23@example.net,5193984,Kimberly Banks,28304
(399)837-9109x08038,whitejohn@example.com,9296662,Donna Chase,20294
812.980.3026x56607,kwalker@example.com,3383537,Larry Lucas,29294
760.999.3906x9741,zkeller@example.net,1509147,Jason Willis,33406
(763)457-9872,wblackwell@example.com,9607917,Melissa Adams,38470
845.636.4859,qspencer@example.com,3637016,Jacqueline Castillo,33818
577.288.9969x62504,aguirredebra@example.org,8893834,Juan Glass,21109
+1-844-352-1178,valenzuelajeffrey@example.com,5624314,Jillian Torres,28129
+1-648-923-4036x64475,james66@example.com,6823264,Ashley Joyce,31836
3492903027,ppennington@example.com,3204292,Joel Carrillo,27505
803-261-6637x06867,amy69@example.org,5314025,Michael Hodge,25815
3224834941,courtney16@example.org,6458633,Christopher Ross,44397
(813)642-9370x59760,lewiskathleen@example.com,6018810,Sara Martin,44574
3652008723,richardtaylor@example.com,1892988,Alexander Munoz,29911
(842)787-9914x142,williamwatson@example.org,6603692,Charlene Sanders,24999
267.235.4360x76178,william19@example.net,7308404,Meghan Mcguire,20094
474.972.7970x1449,jsharp@example.com,6509965,John Walker,30586
686.791.4833,madisonarnold@example.org,8763561,Katherine Fernandez,38173
417-233-1047,marklowe@example.org,4046905,Anthony Lane,21956
(363)235-3997,mjones@example.net,8567708,Michelle Shaw,24217
4408203799,janetwright@example.org,6439633,Barbara Gonzalez,42220
001-543-995-6829,brianmurphy@example.net,8496694,Ross Erickson,25623
388-466-0648,jesse93@example.com,2168984,Troy Perez,44031
+1-731-317-6612x738,smithsharon@example.org,6411446,Breanna Miller,29222
+1-262-888-7705x97158,jenniferkhan@example.net,1381531,Sierra Peck,42542
001-470-853-1776,adriana54@example.net,7915572,Gregory Miller,37949
(556)925-2411,bakersophia@example.net,4928860,Martin Henderson,31523
892-731-2962,amanda44@example.com,3746782,Meagan Andrade,34848
(249)384-7346,woodjames@example.com,5539401,Paul Daniel,28793
8295511223,kimberlymontgomery@example.com,6383676,Valerie Chavez,36927
905.317.3340x969,laurenburke@example.org,9045099,Abigail Barr,37557
+1-483-367-6641x23546,justin63@example.org,6289615,Rita Carter,43747
455-383-5914x443,shawlori@example.net,4256263,Terry Coleman,44024
(540)787-2866x00940,arnoldtracy@example.net,5528438,Joseph Jones,43408
(434)642-7722,rhampton@example.com,4572924,Michele Bowen,29994
382.287.5114x53351,kellyfitzgerald@example.com,3539287,James Webster,27294
001-758-527-4529x22896,lori68@example.org,4509618,Amanda Reed,42581
+1-561-631-5930x9331,dmartin@example.com,8563046,Bryan Armstrong,24798
690-909-1066x875,brownmatthew@example.org,3913420,Kaitlyn Lopez DVM,38228
(871)250-1654,burnsdennis@example.net,1496729,Robert Davis,35885
(434)385-5418,andrewhenson@example.com,4823427,Joseph Fischer,43107
(757)264-8705x8253,josephmunoz@example.com,9412302,Harold Alvarado,25339
+1-979-600-0906x82187,peter79@example.net,3767054,Tina Larson,42615
683-383-7191x5816,anafritz@example.com,4287239,Tyler Brown,32612
+1-469-538-5247x0514,maryscott@example.com,7270343,Larry Holland,34897
(820)681-3334x82374,franklinlee@example.net,5542374,Christine Lester,23444
001-954-905-6298x85479,bwilkerson@example.net,7984940,Nathan Martinez,31406
788.821.8898x7918,gonzalezadam@example.net,3864712,Kimberly Ortiz,29367
3856509205,michellesmith@example.org,2659166,Richard Crawford,32695
970.205.4125,jgarcia@example.com,5469783,Stephanie Vasquez,36081
(717)803-2048x56200,paulrandolph@example.net,6393502,Kelly Martin,30788
680.531.5557,jennifer51@example.net,9497964,David Camacho DDS,41046
568-929-0701x7316,weissbrandon@example.com,1886754,Steve Wolfe,24552
+1-730-785-2986x98553,ronnie09@example.com,5103197,John Contreras,30238
615.721.7629x23146,changjonathan@example.com,2797513,David Vega,31903
(892)704-0667x9794,gina90@example.org,7907773,Sandra Brooks,30015
001-941-699-0887,epowell@example.com,9820070,Brian Clements,31884
463-221-4052x20885,apage@example.org,2584050,Carrie Washington,29060
+1-293-709-8552x5604,beckypayne@example.com,1848306,Jeffery Lucas,26901
+1-543-463-2548,kking@example.net,1875483,Denise Riley,44422
(281)326-4315x80345,ycampbell@example.net,9032140,Allison Krause,38695
(638)565-7358x8377,trodriguez@example.org,9361043,Judith Leonard MD,38344
(955)558-6489x9671,yhudson@example.net,1727891,Matthew Hughes,37621
(521)542-5648,powellemily@example.net,4686769,Sarah Ruiz,43095
001-405-489-1102x56697,susanhodges@example.org,3633755,Michelle Combs,34190
914-764-4213x50922,dmoody@example.net,1898493,Cassandra Nguyen,26412
887.358.3865x8878,michaelhughes@example.com,1550297,Jennifer Larson,23314
613-968-1295,karendominguez@example.org,8786955,Michele Lambert,33266
278-533-3283,santiagojoseph@example.org,8694473,Donald Garcia,39649
+1-274-382-3073x41128,dawsontina@example.org,5068547,Maria Richmond,38804
001-628-734-6809x87840,maryjackson@example.com,4835318,Erika Gutierrez,44914
209.591.1379x87622,vnelson@example.org,6345661,Angela Alexander,31601
001-746-871-1246x558,johnsondebbie@example.org,4727410,Rachel Clark,37391
604-379-9279x9775,carolinebryan@example.com,5217937,Deborah Ballard,28019
001-849-563-1035x2718,rogersfrank@example.org,3409349,Lindsey Kerr,40740
898-904-7699x95708,robin47@example.org,6322368,Deborah Johnson,38712
306.913.9859x632,sherri25@example.net,2339652,Kristine Glover,36057
+1-617-625-4763x7362,fowlerkaren@example.org,7534253,Alison Fuentes,28204
3578821950,baileylambert@example.net,7944876,Danielle Jones,21316
878-835-6890x354,robert64@example.org,4729751,Patricia Brown,38944
727-403-4441,donna09@example.com,3650796,Matthew Fisher,25300
8436521936,vrussell@example.net,9377674,Natalie Butler,33247
960-749-1890,ralphhoward@example.com,8495472,Andrew Gaines,33765
001-745-914-1264x48426,stevensongregory@example.org,7714390,Molly May,43069
992.868.2336x31747,christopherflowers@example.org,3409364,Anthony Patton,23012
645-591-6826x881,dpeck@example.org,7664604,Kelly Shaw,23120
398-891-5322x2622,kristawilliams@example.org,2453128,Wayne Jordan,44743
7416733886,hinesmitchell@example.org,5143023,Jessica Howard,43453
227.846.1607x503,sharon82@example.com,8473037,Pamela Garcia,20900
853-323-7439x24404,kimberlyrivera@example.org,2976771,Susan Torres,23536
001-738-528-5093,dunnmark@example.com,7307915,Jessica Rogers,23829
(796)469-6244x7080,amanda31@example.com,9148938,Christina Moore,29889
4343318752,kimberly46@example.org,5973750,Cheryl Moore,30908
(639)526-4604x82552,herringjoseph@example.net,4917586,Crystal Knight,36484
244-640-4018x5999,belllisa@example.net,2345522,Jason Morrison,28484
(270)531-1426,jennifer37@example.org,2661767,Natasha Morales,36482
891-523-0285,wesley69@example.org,7842644,Adrienne Gonzalez,33872
(399)527-6688,jpatel@example.net,6922459,John Bullock,30280
796-826-7462x4402,andrew68@example.org,5191544,Jacob Combs,32655
533.993.8782,angelawilliams@example.net,2276912,Rebecca Hunter,33177
522-623-2665,kellipennington@example.net,1577231,Amanda Washington,21621
001-243-502-5053x4052,nicholsmatthew@example.com,6361361,Robert Baker,38296
578.433.1956x364,victormcdonald@example.com,3351773,David Barrett,34504
(218)352-4228x549,rdean@example.org,9451494,Justin Thompson,23898
(601)375-7784,powelltyler@example.org,7865225,Debbie Bradshaw,27264
+1-614-787-0431x076,ronald00@example.net,8479036,Jennifer Moore,29961
+1-988-459-7985x8242,karihubbard@example.net,1187162,Rachel Joyce,20513
(607)491-1486x879,alexandermarshall@example.com,1710828,Beth Kelley MD,27210
463-339-2364x779,bakerpamela@example.com,7304383,Joseph Olson,26376
618.537.9144x36743,zschwartz@example.org,5661758,Michael Curry,29179
(604)930-0924x398,andrea58@example.org,4376916,Daniel Taylor,41238
813.341.6993x2944,smarquez@example.com,9093108,Michael Hunter,34837
(391)381-5530,robinsonbrandi@example.net,3170218,Danny Koch,28958
(550)958-8543,brownjeffrey@example.com,3658451,Denise Brewer,22257
+1-913-573-4440,james52@example.net,2619644,Jason Willis,28325
966.809.2126x373,david48@example.net,1703476,Leah Smith,27954
(656)881-1981x29921,scottregina@example.org,6779539,Nathan Peterson,37901
762-916-3624x22567,zmatthews@example.org,2789106,Keith Garner,41441
+1-916-207-0273x0146,rodriguezanthony@example.com,2097302,Sarah Brady DDS,39040
266-877-9251,julia36@example.com,7112803,Luis Williams,38074
001-206-317-9095,sflores@example.com,1829174,Angela Mooney,43478
861.865.6290,wmiller@example.com,3312088,Alexis Dominguez,44931
696-710-6700,sheenahill@example.org,9207618,Robin Edwards,37131
(229)475-2939x67775,wrighttimothy@example.org,6201692,Elizabeth Beltran,27828
686-851-8361,rebeccabaker@example.net,9730399,April Mays,25542
001-253-686-0959x8938,teresatrevino@example.com,8375021,Laurie Franklin,34787
628-527-7670,john15@example.com,5914737,Alyssa Fisher,33175
934.395.1099x5085,bpeterson@example.com,4749928,Amber Johnson,41550
3155350686,matthewburton@example.net,2760579,Valerie Gomez,34032
001-890-711-8105x982,evelyn85@example.net,5004095,Michael Lara,40548
502.441.8151,poconnor@example.org,4745416,Kathy Baldwin,24128
601.265.8137x5609,bbailey@example.com,1961227,Sandra Ward,20616
(879)347-6420x7770,blankenshipleah@example.com,2731190,John Mendoza,28914
223-679-5711,bryandavenport@example.org,9326588,Jennifer Mann,31823
+1-462-695-6849x0915,tuckerchad@example.org,5795203,Nicole Holt,28379
+1-695-391-2665x76461,lmullins@example.org,2443738,Tracie Mills,32101
779.324.1828,vanessa12@example.org,8306687,Kimberly Turner,26635
842.770.1246x0518,zachary82@example.net,2487322,John Ramirez,26635
672.982.9032x2242,summer52@example.com,4529573,Joshua Garcia,25194
742-469-4994x897,tara42@example.com,6385173,Robert Murray,38572
+1-426-857-8083x818,weekskimberly@example.com,2978769,Leah Henderson,22872
210.909.3643,angela48@example.org,1623166,Alexandria Lee,31614
001-617-596-6053x365,tburton@example.net,1687154,Marc Sanchez,25557
(757)755-6268,collierolivia@example.com,9075289,Paula Dougherty,20453
7846833877,elizabeth12@example.org,8432513,Michael Hunt,28707
470.601.5657,laura32@example.org,1627967,Martin Thompson,24166
001-523-284-6323,acastro@example.net,8025170,Jacob Gregory,34503
+1-487-325-0831x701,braunkevin@example.org,8463818,Mark Anderson,35373
001-944-294-6174,ygardner@example.net,2019791,Taylor Juarez,25844
404.534.3647,whitneywright@example.com,8816494,Lisa Bruce,41470
+1-948-724-3489x9202,mhensley@example.org,5339924,Caleb Berger,42261
845.555.7505x31379,jamie06@example.net,5328017,Sarah Williams,42229
(749)698-4280,richardgiles@example.com,9069208,Timothy Phillips,28929
001-720-608-0769x72919,janetramirez@example.net,9950503,Shannon Williams,42348
(593)362-1908x3119,fblack@example.com,6443356,Mrs. Alexandra Casey MD,40716
(923)833-8031x1911,amandatorres@example.org,4876891,Judith Baker,20263
7607380882,owenskaitlyn@example.org,9700814,Sarah Jones,22807
444-395-5930x1948,ovargas@example.org,7777973,Vanessa Grant,41253
001-672-250-3170x847,vquinn@example.com,8000413,Matthew Fitzpatrick,44481
(708)933-7087,andersonjoshua@example.org,7501683,Guy Long,20505
001-867-977-8423,amygreen@example.org,2397457,Ashley Shelton,43902
718.244.0947x208,mitchellrobles@example.com,2113987,Dawn Carter,30048
(741)586-7487,bryantjames@example.org,9890856,Christopher Rowe,29621
+1-592-813-8919,michael24@example.net,7859800,Stacey Vaughn,37194
437-899-7646,jcarter@example.net,9303491,Patricia Winters,43760
579.533.5649x99363,oholder@example.org,2794554,Ashlee Lopez,37441
629-686-4592x8733,johnsonadam@example.org,5454460,Gary Hampton,30006
001-693-831-3702x648,rsmith@example.org,8637408,Amy Wallace,41397
(555)299-5900x177,george89@example.org,5143977,James Olsen,21228
2795641545,rgeorge@example.net,2898378,Melissa Larsen,25717
767.771.1419x0074,tmiller@example.com,8022426,Clinton Morales,22708
001-286-464-2990,kimberlydavid@example.net,6408366,Denise Bass,31339
393.416.6287x56143,renee61@example.org,7319624,Courtney Woods,38733
(848)538-9882,farleymelanie@example.net,4678077,Tyler Walker,28385
001-661-464-8942,george70@example.org,8364102,Steven Burnett,35673
(883)573-9681x738,bassjohn@example.net,8505364,Ronald Schultz,41968
511.201.2797,william83@example.org,6109794,Stephanie Hayes,36333
+1-731-426-7944x6778,kathrynburns@example.org,5124351,Debra Guerra,32503
(372)909-9369x94182,smcintyre@example.org,3215519,Dr. Timothy Curry,40079
+1-670-595-8325,ghoffman@example.com,7566687,Ashley Benson,30061
001-357-792-1622x435,iadams@example.org,5278289,Jacob Ford,42145
4684966517,spencejoshua@example.net,6601902,Matthew James,36285
001-833-892-4348x396,cindyshaw@example.org,1913887,Brandon Patterson,32955
(535)350-0010,shirley24@example.net,6138104,Michael Conner,36181
001-414-882-6096x16197,penny68@example.com,1094827,Megan Simmons,29160
7096277934,davidmcclain@example.net,1360419,Sarah Hampton,25430
909-291-8144,ivasquez@example.com,6722050,Nathan Mack,26304
774.865.1529x84694,veronicahughes@example.org,1923018,Michael Smith,35731
563.817.6048x014,oporter@example.org,4363730,Michael Tapia,35239
885-994-1206x377,amymoore@example.org,6938602,Jennifer Brown,24907
459-805-7764,bcross@example.org,2979631,Michael Guerra,23502
700.295.5519x106,schroederdaniel@example.com,4163075,Anthony Vance,28053
9387009973,tscott@example.org,1661949,Matthew Hayes,31898
794-509-1557x9932,erictorres@example.com,7967818,April Williams,38221
234-699-0274,kimbrooks@example.com,1724408,Matthew Russell,32002
863-277-3666x95303,edonaldson@example.net,2508250,Brandon Ramos,40303
4946111846,kevinjones@example.org,3240864,Shaun Lopez,22257
909.854.7461x1389,nvega@example.com,4016262,Ryan Leblanc,27545
(596)268-6403x734,laurenpeterson@example.org,1417073,Brian Harris,38779
+1-745-636-1715x4655,hmartinez@example.net,3388247,Amy Webb,43222
470.872.4412x91323,john07@example.com,2834076,Melanie Shaw DDS,26752
2909396033,camachoandrea@example.com,2338075,Roy Mcdaniel,42315
+1-923-505-0266x393,schmittdevon@example.net,5287315,Christopher Page,24068
394.722.9614,stephensjason@example.com,6267818,Mary Moreno,30573
001-520-234-7908x55836,lgreene@example.com,9004106,Michael Peterson,21898
8116968541,jhiggins@example.net,3205440,Meredith Valdez,21420
752-739-6281x18752,louisjones@example.com,6345871,Rachel Smith,40855
(276)781-9035x69649,coxchad@example.org,9088618,Mary Miller,40352
+1-743-806-7235x402,swilliams@example.com,1267408,Marissa Torres,36257
9195960000,mary13@example.org,1362092,Brian Jackson,38681
944.657.2669x99588,jenniferpace@example.org,9151997,Andrew Mcintosh,22910
220.631.4043,staffordstephen@example.org,8178796,Andrew Garcia,21544
8087844195,joseph05@example.org,9962274,Michael Massey,36655
4518422392,aprilgarcia@example.net,1416856,Linda Bates,30900
+1-824-416-7730x1666,michael77@example.org,5195358,Carl Miller,37109
(520)527-6696,sandra98@example.net,4817255,Alexander Robinson,41382
303.578.0839,ryanwilliams@example.org,2266667,Lisa Morgan,25098
+1-929-579-8742x13842,robertsullivan@example.com,5849389,Robert Nguyen,33569
5654116944,scottgraham@example.com,7232268,Benjamin Swanson,44523
5294238339,edwin03@example.org,1021127,Matthew Johnson,39088
+1-610-264-6216x166,lisahayden@example.org,3435640,Gary Strickland,20886
001-694-261-6079x925,lewisjessica@example.net,7874468,Zachary Cunningham,28990
286.956.8461,jhart@example.com,3295131,Jordan Patterson,37521
7625536386,joyceangela@example.org,7168758,Ryan Thomas,29592
001-266-365-8664x157,othompson@example.com,8534742,Arthur Rodgers,43506
+1-984-200-9489x385,greenandrea@example.com,9215639,Cody Smith,25026
(413)728-1459x577,joseph34@example.org,1816433,John Dixon,33722
+1-899-981-0713,kennedysarah@example.net,5667701,Leonard Moran,22356
(869)714-9470x2969,elizabethgalloway@example.net,6950382,Adam Allen,36642
+1-829-456-2234x6683,dianahamilton@example.org,1297596,Carlos Cabrera,42798
(803)314-9416x790,marvin16@example.net,3825035,Linda Garcia,27951
001-302-217-8488x88966,kmoreno@example.com,3423670,Ian Odom,41791
001-731-430-3107x16844,lbrown@example.net,6301971,David Robinson,40735
+1-828-789-5402x30325,fperez@example.net,4563495,David Dominguez,20883
(877)251-1733x18523,nelsonmichael@example.net,3373869,Kevin Sullivan,35259
594.279.1712x796,daniel02@example.org,1567885,David Hunter,29650
926-554-8346x4416,georgejoseph@example.org,6547352,Kevin Cooper,24529
486.809.8474x15936,qlarsen@example.net,6902075,Debra Cruz,21443
510-848-9543x9641,annette57@example.net,6747430,Jennifer Johnson,20940
+1-788-524-9750x126,guzmanandrew@example.net,5025690,Thomas Richardson,37746
+1-921-769-0170x767,nathan53@example.org,7485271,Stephanie Lee,24901
+1-429-626-4503,lori05@example.com,8845934,Alexandra Hall,22327
8485456652,justin73@example.org,1983662,Christina Robles,28558
(457)698-6071x48677,adamglass@example.org,3961788,Dorothy Orozco,32685
772-645-1261,ocruz@example.net,6513869,Wesley Barrera,27738
001-779-356-3322x0816,oharris@example.net,6783796,Kaitlin Johnson,24335
983.887.9959x224,brandivargas@example.org,2019532,Angelica Miller,22804
(816)235-5329x964,raymondbarnett@example.net,2557363,Gwendolyn Hunt,41881
001-373-325-6493x359,paul24@example.net,1848799,Lisa Cunningham,36888
(351)779-8099,martinezmelissa@example.com,8361033,Robert Harris,25141
837.776.1016,vjohnson@example.net,5924921,Sara Warner,44273
001-871-935-2252x0151,lcross@example.net,3120032,Nicole Howard,20626
(936)642-6809x41286,josephgibson@example.com,4780833,Nathan Bowers,40883
001-319-979-1785x12783,robertsonjorge@example.com,2203002,Renee Hall MD,43605
916-786-2598,davidgonzalez@example.com,7126891,Katherine Jackson,42259
713.742.2848,rhurley@example.net,4978952,Jasmin Patel,37494
+1-368-573-8742,margaret74@example.net,9182937,Gina Hardin,24722
647.696.5867,brookecampbell@example.com,1381906,Matthew Herrera,23005
+1-502-849-9684,coreylarson@example.net,3729345,Brian Fisher MD,41090
(759)357-6249x8699,davidthompson@example.org,8628703,Jesus Allen,41000
799.358.0317,deborah54@example.org,8411391,Edward Beck,22103
398.435.2266x372,tiffanyanderson@example.net,9271192,Donna Hull,37054
2896704400,christopherharris@example.org,5203488,Pamela Gould,32020
+1-727-282-5206x19285,sarawilliamson@example.com,2613871,Alison Ward,21475
270.611.5350x50796,perezbrandi@example.com,8627096,Christy Conley,35659
699-923-8828,zschmidt@example.com,6656099,Gloria Gonzalez,39436
001-244-746-7364,abaker@example.com,6366788,Laura Martinez,25952
001-460-848-7331,shelley77@example.net,1096025,Jerome Hill,43396
270-203-4247,gvega@example.org,4899665,Amy Johnson,35870
789.921.7920x661,willisdavid@example.org,2227368,Donald Smith,37215
885-452-9675x510,nicholas69@example.net,7268470,Adam Zimmerman,24371
+1-663-776-2276,xjacobs@example.org,5215947,Oscar Hunt,41117
(806)675-1870,fblackburn@example.com,5507444,Jocelyn Moore,23013
674.277.1907,conwaydanielle@example.com,9075567,Jessica Rush,34056
438-417-8728x33957,laurennorman@example.com,6163242,Renee White MD,35820
427.748.2256x779,heather79@example.com,5630289,Wayne Jones,23450
610.555.9728x12214,rojasnicole@example.com,5162791,Kelly Elliott,32343
801-970-9524x067,jenniferparks@example.org,5071414,Reginald Alexander,39507
620.655.0369x977,zlamb@example.com,2288996,Tiffany Tapia,24023
001-507-953-1601x36182,cesar65@example.net,4952243,Patrick Little,25989
797-626-6328x5001,jeffreyrosales@example.net,3706462,Nancy Smith,44738
820.481.0676x282,kathy22@example.com,3233766,Todd Morton,21718
804-892-8127x1422,martinnicole@example.com,7832434,Mrs. Melissa Collins,25645
440.393.0521,jennifergarcia@example.com,6901707,Cheryl Beard,27025
566-231-4601x0425,jonathancampbell@example.com,8352649,Anna Adams,31111
(634)728-5086x905,mariemclean@example.com,4022753,Spencer Stephens,30012
001-901-801-6231x11951,xsolis@example.org,2913361,Jessica Medina,42178
(684)247-5733x057,bcontreras@example.com,9589537,William Simmons,28119
+1-838-772-7338x888,williampatrick@example.net,2057982,Erica King,36946
613.957.3100,brandon38@example.org,1514242,April Harris,28414
990-501-3960,vanessabennett@example.com,9644103,Elizabeth Murphy,30959
229-312-1269,alvarezkeith@example.org,4013166,Caleb Zhang,23988
+1-965-544-6162,christopher61@example.com,8976436,Jennifer Humphrey,34236
480.334.5926x366,vkennedy@example.com,2877772,Michael Brown,24799
380.886.3840,jacqueline67@example.org,8606885,Anna Nelson,38761
+1-240-978-1174x0048,brucehudson@example.com,1413140,Melanie Watts,24712
(874)476-4713,emily46@example.net,3307095,Evelyn Campbell,33785
359-552-0697x58198,vwalsh@example.org,3933915,Brandon Davis,44072
823-779-3520x411,oconnorashley@example.org,9507750,Karen Campbell,20742
001-843-254-5597,zbanks@example.com,8313869,Lisa Davidson,43443
(371)313-3795x2655,melissa53@example.org,3343212,Adam Francis,34843
456-581-8402,tray@example.org,3311769,Justin Acosta,34262
828-900-7364,stanleycrystal@example.com,7716817,Jacob Gallegos,32431
(554)905-5813,edward99@example.com,7135035,Evan Mccarthy,26962
587.234.2138x217,stanleytracey@example.com,9589075,Gina Anderson,34944
922-544-6713,lee43@example.com,2164809,Stephanie Brown,22337
+1-603-822-5172x9068,david48@example.net,3041105,Bobby Orr,23455
(651)201-7771x9578,jacksonwilliam@example.com,3731960,Jerry Arnold,30616
001-710-999-4072x012,stuartheather@example.net,6679156,Jeffery Barber,34719
(485)833-6148x903,samuel13@example.org,3747800,Barbara Harris,28465
672.787.7775,dstanton@example.com,6097319,Luke Krause,33659
+1-409-739-7583x9679,lauraevans@example.com,2115957,Charles Gonzales,33692
509.398.7141x293,jimenezjohn@example.com,7969225,Joshua Porter,44386
870.239.1608,lindsay03@example.org,2363781,Joanna Berg,22795
(712)991-4274,brandonstein@example.org,8609944,Christina Huff,27410
001-862-417-0347x199,mayochristian@example.org,6192553,Tonya Wallace,24691
648.365.8412x306,susanjordan@example.net,8392788,Philip Kennedy,37264
+1-923-497-7239x047,qthomas@example.org,7443443,Richard Poole,22223
446.258.2735x30516,jessica64@example.org,2195867,Nancy Hampton,37224
717-676-5539,kbryan@example.com,6125121,Linda Garcia,42168
+1-940-797-3351,nicole68@example.com,1503825,Andrew Brown,32169
001-534-266-6792,byrdbradley@example.org,5389118,John Butler,22483
+1-805-448-4172x5338,hfreeman@example.com,7991413,Christy Martinez,39715
+1-277-746-9099x73298,navarrodennis@example.net,1424082,Eric Oneal,37467
4423602217,gordonjacob@example.org,2935086,Todd Harris,31699
001-372-200-1240x9606,rangelelizabeth@example.org,7003098,Ronald Jones,27920
262.911.5840x094,lisareyes@example.com,4573512,Marcus Stewart,29073
001-258-292-4447x392,hmiranda@example.com,9066634,Jessica Moreno,27997
+1-677-523-4953x71038,qhenderson@example.org,5324210,Crystal Adams,39280
+1-990-513-3791x9774,samantha40@example.com,4962844,Richard Morgan,32297
398.263.0110x360,devin67@example.org,9050431,John Edwards,35842
+1-455-564-1385x237,pauljones@example.net,9890640,Helen Moore,28403
+1-267-411-0561,owensmarvin@example.net,2545883,Julie Gonzales,40657
(583)716-3529,daltonberg@example.net,2822973,Daniel Rivera,40324
658.828.2825,pamela06@example.com,7602268,Brenda Sanchez,35683
5769867060,bradleylawrence@example.net,3892719,Roger Peters,28487
405-290-6574,tbriggs@example.net,7212121,Logan Leach,21119
001-911-508-3681x5434,joshua91@example.com,1161013,Emily Stewart,40609
(670)834-9926x81147,ucastro@example.net,9098374,Rachel Arnold,21146
688-366-7727x72464,iphillips@example.net,8976305,Michelle Ruiz,34465
+1-845-787-1761,gary36@example.com,6497367,Nicole Daniels,43457
5714951359,christopherochoa@example.com,2454552,Kelli Davis,28821
779.267.6869x36944,mendezchristine@example.net,9095256,Jasmine Figueroa,25112
(329)955-1886,daisygarcia@example.net,1784373,Jennifer Tran,22447
+1-534-953-6633,sanderspamela@example.net,6868640,Janet Hawkins,23099
571-676-5597,shane53@example.org,4161530,Joshua Romero,39836
877-456-5695x9838,kathy31@example.net,1745443,Eric Crosby,39964
(597)865-2742,stephen85@example.com,5510406,Thomas Kramer,39740
460.979.5290x711,lori78@example.org,7661868,Tara Silva,31654
257-881-0447,carlos82@example.net,6028186,Laura Lester,32624
953.279.3276,danielfisher@example.com,5344693,Christopher Berry,41474
774.283.6699x395,michaela17@example.com,5396255,Jamie Wright,41935
(419)275-5837,mbarnes@example.com,6638815,Marisa Smith,34004
(988)673-2690x511,brianwilson@example.com,9736334,Alejandra Smith,23604
(729)920-7340x8408,rlynn@example.org,8739511,Dustin Lane,21617
4564698378,dsteele@example.com,7908864,Cynthia Williams,31890
386.990.5018x17919,yesenia01@example.net,7314182,Spencer Fowler,35137
530-317-4035,howard26@example.net,8238594,Alan Morris,25514
001-886-940-0297x87165,john91@example.com,3190235,Sherri Roberts,23302
001-523-596-0855x6491,duanewilliams@example.org,9120848,Jennifer Watkins,34702
936.239.7061x759,tammiewilliams@example.com,6973087,Edward Wood,30661
896-462-8524,jennifermays@example.org,4364299,Lisa Anderson DDS,24243
+1-632-527-4467,michaelrichards@example.com,6652621,Bonnie Norton,31913
(497)325-1856x71542,matthewthompson@example.net,3779906,Paul Simon,40550
