s_id,s_name,phone_number,email,birth_date,learning_year,d_name
4177835,Brian Parker,964-738-0573x80945,lisajohnson@example.com,1981-07-06,2,White
4571258,Kimberly Ramsey MD,5535688730,ppeterson@example.com,2000-01-26,1,Benitez
1850425,Adam Davis,(290)939-7428x7440,ryan35@example.net,1960-06-19,3,Stanley
8318103,Linda Hernandez,+1-227-693-1405x1110,thompsonwilliam@example.net,1958-07-31,5,Smith
3032991,Lindsey Hart,(722)844-4455,sarahsmith@example.net,1955-10-27,3,Davidson
4196975,Madison Lynn,001-491-770-8664x184,urussell@example.org,1979-12-28,2,Rowland
8286220,Olivia Stevens,634-989-4680x6631,rebecca54@example.com,1981-10-19,1,Graham
9395357,Richard Maynard,929.976.9724x209,amyramos@example.com,1990-12-01,5,Goodman
5645833,Debra Cooper,001-320-373-6789x970,mejiamicheal@example.net,1995-06-27,2,Fuentes
4675497,Jodi Estes,001-298-785-8513,richjoshua@example.com,1955-04-17,2,Wallace
6811430,Bruce Smith,316.833.9443,usmith@example.com,2004-09-27,4,Fuentes
2451648,Melissa Stewart,(527)916-0563x25597,james80@example.org,1961-01-11,2,Cordova
8739288,Samantha Wolfe,001-513-732-1840x361,nbenitez@example.org,2008-04-06,5,Chapman
6964762,Lisa Kramer,+1-329-427-1287x02796,hunterpaul@example.com,2002-09-26,4,Warner
4363088,Michael Carpenter,(449)607-4237x4635,jessicahudson@example.com,2001-01-02,3,Savage
2414707,Amanda Goodman,826-598-9795,michaelbird@example.net,1964-08-15,5,Weaver
9878161,Tyler Schaefer,(656)250-0138,nroberson@example.com,1966-12-17,1,Henderson
9508433,Kevin Decker,+1-375-419-3667x719,mendezdanielle@example.net,1996-09-28,1,Day
8048106,Patricia Green,(981)540-7834x555,john19@example.net,2009-03-19,3,Jacobs
4553503,Joseph Russell,957-604-6447x55788,jeremy94@example.net,1964-09-24,1,Greer
7947185,Deborah Jones,001-774-923-4952x71459,duranchristopher@example.org,1968-08-05,4,Fleming
6548677,Scott Henson,817.265.1784x9172,mary22@example.net,1988-11-20,3,Martin
3774981,Angel Holland,276-831-8156x920,rcarter@example.org,1986-06-26,1,Mata
3216027,Eric Allen,922-775-1762x466,stevensdanielle@example.org,2008-10-16,3,Bennett
8489445,Tyler Huynh,+1-952-315-5845,jack16@example.com,2006-04-12,2,Vaughn
2719573,Sarah Mcguire,(762)906-4987,david85@example.com,1972-10-26,3,Gomez
6412537,Vanessa Everett,970.242.9496x893,bhoward@example.net,1959-02-25,1,Diaz
8161621,Richard Church,001-263-903-1242x445,ethan05@example.org,1964-07-29,3,Decker
2116385,Anthony Jones,695-347-9562,hlevine@example.org,2006-10-11,5,Luna
8891491,Jessica Kim,001-634-383-6394x082,baldwinheather@example.org,1992-03-14,4,Santos
5791393,Todd Rodriguez,001-951-347-2426x680,sshannon@example.org,1980-09-14,2,Keller
9215700,Michael Pena,+1-206-246-0971x4266,singletonlori@example.org,1969-07-13,5,Murphy
3322475,Jon Hernandez,6672008540,april08@example.org,1984-10-13,4,Fitzgerald
1132538,Clayton Becker,274-632-5413x32329,vanderson@example.net,2005-01-07,5,Washington
3954980,Kathryn Mcdowell,(787)303-9025x92204,sharpbradley@example.net,1980-11-24,1,Dorsey
4217442,Victoria Ramos,484.456.5420,tdavis@example.org,1997-08-24,2,Murray
4598824,Robin Reed,236.707.9169,christopherwebster@example.com,1970-09-01,5,Bowers
3634943,Donna Everett,285-216-9964x69586,mooreandrew@example.com,1961-06-27,5,Price
9601012,Aaron Martinez,340-841-6675,sarah34@example.com,1957-04-18,3,Gomez
9013600,Edward Johnson,+1-503-938-6238x85684,angeladuffy@example.net,1999-01-25,2,Ortiz
1829309,Morgan Walls,001-457-806-8897x54769,csantos@example.net,1962-08-30,4,Macias
3741868,Michelle Zhang,001-993-934-9712x9771,sean50@example.net,1994-11-17,3,Mason
5741877,Patrick Davis,001-597-812-9653x944,aaronmartinez@example.org,1956-06-12,1,Pace
6778123,Jennifer Obrien,863.384.5627x840,twolfe@example.org,1985-04-09,3,Herman
9156801,Larry Paul,(750)596-0570x4344,brianfoster@example.org,2001-03-25,1,Kelly
5029611,Amber Schwartz,(306)482-5000,manuel07@example.net,1951-07-19,4,Green
7881453,Mackenzie Rios,+1-201-775-4922x868,floydstephanie@example.com,1965-08-31,3,Hoffman
5163242,Ashley Lee,430-659-3450,lindapugh@example.org,1961-01-16,4,Oneal
4599398,Brian Andrews,001-407-257-3423x653,thompsonbilly@example.net,1977-08-21,2,Vazquez
6757694,Abigail Sawyer,(351)502-7623x295,matthew73@example.com,1976-03-23,5,Compton
8395849,Paul Evans,7283204067,amandacruz@example.net,1980-03-16,2,Cortez
6530205,Joshua Jenkins,9157724405,umoore@example.com,1987-10-18,4,Church
7792566,Evan Wyatt,756-744-9750x532,bakercaroline@example.net,2003-10-21,1,Robles
9112083,Laurie Martin,909-245-4189x34384,wangjason@example.org,2006-03-31,3,Escobar
4571358,Lauren Davis,+1-991-221-1371,alexander90@example.org,1962-09-17,2,Boyd
7165558,Jeffery Davis,001-266-953-7170x7178,utaylor@example.com,1949-05-15,5,Gamble
6913889,Angela Holt,(555)941-3438x0309,kimberly88@example.net,1953-03-10,2,Monroe
8880176,Christine Flores MD,(228)375-6513,joan83@example.net,1964-08-05,2,Lawrence
9624789,Amber Hernandez,+1-959-476-6661x643,wrivera@example.org,1998-01-19,4,Olsen
1717528,Jessica Jones,8349790902,michael60@example.net,1959-06-15,2,Wall
9361674,Kathy Peck,(224)701-4147x96599,kimberlyrodriguez@example.org,1987-09-26,3,Castillo
3872352,Angela Roberts,(732)447-4226x3095,moliver@example.net,1971-08-27,5,Lambert
9803003,Nicholas Neal,7754212971,christinewood@example.net,1972-11-17,2,Mosley
3054962,Mr. Eugene Clark,(849)224-2171x8017,johnsondennis@example.net,2003-05-10,5,Howard
1229305,Brittany Murray,+1-378-743-2692x31957,monica81@example.com,1971-10-02,3,Sanchez
9449516,Garrett Jones,6329247771,fnovak@example.net,2002-06-07,4,Gamble
7667859,Melissa Johnson,001-204-460-7034x076,murraykevin@example.net,1988-10-30,4,Monroe
4647563,Tony Noble,001-810-862-6857x862,lmay@example.net,2009-08-23,2,Bridges
8589506,Jessica Andersen,849.337.7903x3040,mcguirechelsea@example.org,1948-08-31,3,Kline
4819779,Stanley Pittman,+1-575-990-8832x9685,chloehunt@example.com,1980-02-27,3,Keller
9189909,Ronald Hancock,662.401.0910,thomasmary@example.org,1963-10-20,5,Stevenson
5593833,Olivia Johnson,(483)368-9534,parsonskelsey@example.org,2002-01-10,2,Greer
7238824,Karen Adams,(975)582-3634,kevinjohnston@example.org,1952-09-20,2,Gibbs
3069364,Matthew Mcclain,001-357-918-9588x685,duane21@example.org,1954-06-09,3,Goodwin
4460578,Donald Weeks,792.656.3544,pmyers@example.org,1990-10-29,2,Mcdonald
5197160,Richard Bryan,001-828-346-1088x1038,nicholas94@example.org,1951-11-30,4,Riley
7385615,Ryan Barnes,+1-682-335-9069x21074,holly06@example.net,1975-12-16,4,Bowers
4035779,Heidi Cowan,909.840.6969x60496,brianna76@example.org,1997-05-07,4,Rowland
7832171,Nathan Beasley,001-518-707-8482x145,ismith@example.com,1984-11-29,2,Cortez
8326015,Tony Duffy,209-295-8136,theresahanson@example.org,1956-03-19,1,Miller
7288213,Sean Patel,625.498.3259x16877,ryan02@example.net,1968-11-20,4,Anderson
4349551,Shaun Morse,001-832-338-6298x0896,nicholas47@example.org,1949-05-15,4,Osborne
1300191,Brian Bullock,001-860-648-5047x542,stephanie03@example.com,1967-08-11,5,Davidson
3766356,Emily Smith,703.230.7280,maurice72@example.com,1950-03-19,5,Torres
4568404,Rachel Lyons,937-892-7064x096,panderson@example.org,2007-09-28,4,Salas
9560930,Kaitlyn Harris,(413)711-5960,michaelowens@example.net,1965-11-24,2,Vincent
3695149,Jennifer Wolf,612-839-1965,chenwilliam@example.net,1969-12-17,5,Jimenez
8443803,Julia Patel,+1-993-673-0365,tcastro@example.org,1972-01-31,2,Ortega
2854236,Rebecca Palmer,(720)703-7572x376,chapmankaitlyn@example.org,1989-12-13,4,Warner
3779949,Christine Perez,504.901.0505x12866,shannonsherman@example.net,2010-04-19,3,Fernandez
9472635,Carolyn Davis,(824)943-6028,crosbymatthew@example.org,1992-06-04,3,Gibbs
1911321,Charles James,+1-864-902-0452,jameslong@example.org,1967-06-17,5,Fuentes
4643170,Sean Edwards,(441)246-4014x8002,martinbryan@example.net,1957-10-23,5,Livingston
2696644,Justin Garrett,+1-245-289-2819x05918,nicholsmichele@example.org,1971-08-07,5,Church
9976423,Sydney Galvan,+1-815-208-9222x908,hopkinsmichelle@example.com,2001-10-05,4,Reid
7945019,Sarah Morales,001-802-645-8832,smithbryce@example.com,1967-09-02,2,Fernandez
9594263,Joseph Santana,766-999-3720x300,suttonjustin@example.com,1977-08-09,4,Gamble
4672896,Amanda Stewart,(410)627-1419x6989,hannah28@example.net,2004-08-06,3,Li
6711118,Danielle Reyes,001-833-367-0712,amandarobles@example.org,1951-12-31,1,Wang
3526027,Brittany Robinson,811-678-4198x292,ggonzalez@example.com,2003-08-27,1,Bates
6684108,Tonya Pitts,524-978-6570,sdickerson@example.com,1980-10-24,4,Thomas
7053230,April Sanchez,841-522-9501,pcampbell@example.net,2002-11-18,4,Zimmerman
4542873,Matthew Tate,+1-762-363-9230x32797,hannajessica@example.com,1971-02-27,1,Stein
1919142,Steven Gordon,+1-978-426-2219x051,zjones@example.com,2010-09-12,1,Warner
2146662,Courtney Lewis,643-252-5319,garrettsteven@example.net,1998-10-09,2,Stuart
9491203,Faith Chavez,(238)200-0030x19920,qhernandez@example.net,2008-04-25,5,Ford
4346708,Kenneth Hayes,424.307.0851x505,julie38@example.org,1971-11-28,5,Soto
2253393,Heidi Hays,5532336393,mgrant@example.com,1993-12-04,2,Brown
9555551,Mr. William Kirby MD,506.994.2295x7727,christopher13@example.net,1957-07-21,3,Schroeder
2016119,Elizabeth Peck,568-738-7182,mannbrandon@example.com,1950-01-25,3,Nelson
2668479,Sabrina Black,001-214-379-8332x371,scottriggs@example.com,1966-10-04,4,Gray
9299120,Scott Mahoney,367.811.4998x17209,nathanielmitchell@example.net,1998-11-06,5,Stuart
6324172,Krista Weber,650.709.3706,uvelazquez@example.net,1998-04-26,4,Daniels
2600569,Ralph Brennan,(911)297-0802,eallen@example.net,1973-10-09,2,Watson
7114608,John Maxwell,(856)413-0016x06969,dylanspencer@example.com,1965-09-25,1,Carlson
6933514,Joseph Maddox,779-205-8826x0122,doylejeremiah@example.org,1957-05-13,2,Cox
2250242,Juan Weaver,830.347.4589x83853,thomaslogan@example.com,2001-11-03,4,Maldonado
6846640,Jack Wilson,+1-859-336-7226x90986,davidwebb@example.net,1996-07-29,4,Hoffman
4840226,April York,814-736-0234x7446,tdavis@example.org,1976-04-27,5,Hubbard
6553920,Carlos Wiley,001-931-474-2075x4964,robingraves@example.net,1960-01-22,5,Lawrence
3648139,Robert Sanders,357-405-2676x3436,hernandezautumn@example.org,2010-12-08,3,Myers
7917248,Amber Jimenez,868-483-7057x2803,kristinaross@example.com,1997-09-19,2,Jimenez
7956671,Gary Byrd,001-840-421-5993x1974,brandonflores@example.org,1976-01-26,3,Perkins
5037932,Sean Miller,001-705-348-7362,melissagomez@example.net,1999-12-23,4,Williams
1884878,Isabella Cruz,886.868.0340x5887,floreserin@example.com,1983-10-24,4,Torres
3161054,Steven Cox,853.567.5741,xanderson@example.net,1989-04-09,2,Sanchez
7159795,Katherine Campbell MD,228-507-7475x0146,colleen20@example.org,2003-01-28,1,Schwartz
4977298,Mariah Bowen,312-828-9794x94513,elizabethbass@example.com,1961-11-19,1,Macias
1714646,Jesse Watts,(717)467-6392,iwright@example.com,1991-09-14,2,Owen
5969230,Jeffrey Watson,(697)883-0344,jorge65@example.com,2007-09-09,4,Bond
4370884,David Brown,(604)688-8742x279,wilsoncristian@example.org,1988-01-23,4,Jordan
4151690,Rebekah Parker,767.681.0928x121,uhamilton@example.com,1988-02-19,3,Wise
4180768,Kim Esparza,(275)915-7083,oguzman@example.net,1999-06-24,3,Nash
2689097,Rebecca Yu,(250)446-2230,lsparks@example.org,1990-11-19,1,Hammond
1346923,Joshua Brown,4527218914,georgecalvin@example.com,2005-01-06,2,Lee
9986120,Keith Graham,657-894-2337x005,erikjohnson@example.org,1957-01-20,1,Carlson
7446996,Isaiah Graham,+1-790-545-7243x282,cmoore@example.net,1950-10-13,5,Gonzales
3656886,Sarah Howell,917.822.9238,brenda39@example.org,1956-05-18,3,Hammond
8741489,Kelly Franklin,938.895.7455x26913,nancycollins@example.net,1989-05-11,1,Casey
3998824,Kevin Cole,(899)454-4892x434,gonzaleskeith@example.org,1966-01-09,1,Rose
1119794,Marcia Wallace,001-452-503-3820,juan71@example.net,1986-03-16,1,Hawkins
4053343,Henry Turner,689.329.0132x33732,dvargas@example.org,2005-04-22,2,Harding
8168944,Kayla Butler,522.661.2696x40571,pwright@example.org,1974-01-21,1,Patrick
5559825,Tracy Powell,334-563-6398x79397,qwhite@example.com,1974-05-01,4,Nelson
1438011,Brooke Reyes,001-562-775-5190x68520,kara84@example.net,1959-04-30,4,Marshall
4063086,Kimberly Schultz,(506)683-9069,tiffany16@example.com,1994-05-02,4,Hoffman
4937046,Catherine Johnson,520.326.5207x489,dsmith@example.org,1972-05-29,2,Dorsey
8309321,Caleb Beck,001-296-936-9162,jessicacole@example.net,1997-03-31,5,Kaufman
5697197,David Smith,827.696.4992,qpatterson@example.net,1989-10-07,2,Robinson
6655278,Adam Leon,(390)954-2230,kevinmason@example.com,1953-05-18,5,Cordova
2726798,Donald Patterson,506.779.1675x946,galexander@example.com,2001-08-24,4,Nolan
8258599,Stephen Bates,+1-973-607-7842,rhodescourtney@example.net,2006-11-11,4,Li
7395295,Jason Copeland,514-887-8465,rogerscody@example.net,1965-06-22,5,Burke
9581098,James Flores,328-746-7408,claire35@example.net,1999-04-21,1,Mosley
7817819,Mason Mitchell,001-710-207-6556,angela69@example.org,1949-11-19,5,Clayton
6302531,Douglas Johnson,001-905-602-2786x50087,howardjohn@example.com,1971-04-23,3,Potts
5398065,Shawn Copeland,254.223.4790x9494,brittanyallen@example.net,1958-06-05,3,Daniel
2423302,Melanie Charles,+1-541-799-2660x18570,jason47@example.net,1980-02-08,4,Gibbs
6988009,Karl Lewis,319.927.5135,leonardjackson@example.net,1988-05-13,3,Fox
1156568,Allen Nixon,001-425-933-5793x969,zjacobson@example.net,1970-03-28,2,Curry
7907837,Matthew Wilson,709.673.0578,mpatterson@example.com,1988-02-16,5,Braun
4490096,Brandon Walsh,001-394-286-6063,xlopez@example.net,1996-02-29,4,Kemp
6512564,Jeffrey Myers,+1-859-457-5368,mreed@example.com,1996-02-02,3,Herman
4221435,Michael Cochran,+1-856-660-5014x58489,ericaortiz@example.org,1949-11-10,4,Petersen
3587099,Frederick Wilson,723-670-1812x246,johnjennings@example.com,1962-02-26,5,Perez
2114792,Albert Young,+1-419-860-6738,whiggins@example.com,1954-07-11,2,Mcdonald
3125207,Michael Morris,001-901-988-0503x652,susanshaffer@example.com,1949-03-28,3,Edwards
8149388,Laura James,769-492-1380x3084,richardwilson@example.net,1950-09-16,3,Rowe
7359690,William Perez,204.542.9282x67183,williamslance@example.net,1976-02-06,2,Carlson
1524928,Charles Johnson,001-666-586-8995,thomaswilliam@example.com,2005-11-15,2,Washington
2822184,Michael Watson,001-685-789-2960x55852,david88@example.com,1987-02-21,4,Trevino
9011057,Robert Hernandez,(590)743-5215x987,aritter@example.com,1996-05-10,3,Galvan
2923552,David Baker,898.645.4627,lcamacho@example.com,1966-04-04,2,Church
3539161,Tamara Thornton,348.728.6315,zhernandez@example.com,1993-08-20,2,Benitez
7211341,Jillian Pearson,(419)737-9573,andrewcampbell@example.org,1953-06-04,2,Castro
9563883,James Lambert,001-360-749-4031x6267,devinsnow@example.net,1972-11-08,3,Collier
3984901,Kelly Washington,+1-278-600-4465x927,levineanna@example.org,1981-07-05,3,Mathis
8191814,Justin Riley,6976719686,torressandra@example.org,1994-10-25,3,Frank
5771843,Cynthia Peterson,001-577-521-5545,qmiller@example.org,1975-04-11,4,Collins
3946770,Jeremy Baker,507-731-0702x951,brett41@example.org,2003-12-27,4,Mcknight
1595638,Dana Scott,992-647-3456x725,jasoncrawford@example.com,1952-04-26,2,Collier
7999488,James Ware,607-781-8789x516,jboone@example.net,1952-09-29,5,Phillips
4695839,Austin Chang,001-955-886-7917x92998,davismichael@example.com,1999-11-03,4,Williams
5022054,Richard Tapia,+1-330-524-4373x085,waynejones@example.org,1964-03-30,1,Trevino
5907258,Samuel Nelson,+1-207-788-2986x993,dawnbailey@example.com,1985-06-20,2,Jimenez
2070060,William Brown,331.673.1703,walkerdustin@example.org,1996-11-09,1,Fields
9095102,Andrew Higgins,(343)938-8227x0592,yeseniaalvarez@example.com,1998-02-27,1,Ellis
7588955,Charles Warren,(425)948-3747,parkermatthew@example.com,1979-08-13,1,Daniel
7493307,Renee Banks,(444)647-3579x0449,collinsjoseph@example.com,1974-02-04,3,Dean
2903152,David Sullivan,459-594-7735,coxamanda@example.com,1986-08-23,1,Alvarez
8753130,Taylor Walker,8015671921,joyce26@example.net,1958-01-15,3,Vazquez
6556675,Susan Leonard,551-503-1066x788,mcrawford@example.com,1997-08-09,2,Lloyd
9329760,Lauren Flores,(754)390-0999x0332,josephserrano@example.com,1977-03-29,4,Lee
9470593,Kelly Lopez,+1-360-821-0395x6503,anita63@example.net,1972-07-09,2,Richardson
8344758,Michael Contreras,578-573-7345x28488,petersoncharles@example.org,1981-04-01,5,Patterson
1995073,Kenneth Clark,3934366845,trevor05@example.net,1988-12-25,3,Kemp
6014895,Amber Welch,001-709-475-6971,tracyclark@example.org,2003-01-25,3,Serrano
3204663,Dylan Murphy,+1-848-480-7412x2050,swebb@example.org,1971-07-14,5,Collier
5577037,Patricia Bowman,+1-451-386-4252,veronicaellis@example.org,1972-04-02,2,Pace
6176616,Elizabeth Davis,(690)579-8612,davidedwards@example.com,2000-01-28,5,Myers
6824099,Tonya Moore,930-368-6572x6597,kellie35@example.org,1960-12-01,2,Day
2088153,Raymond Taylor,(382)785-8269x0608,jensenkelsey@example.com,1991-07-05,4,Cortez
2667748,Stanley Morris,001-628-973-6409,iwatson@example.org,1982-09-21,1,Reynolds
1183292,John Hayes,+1-916-322-7655x571,gjohnson@example.org,2001-09-12,4,Mayo
1333871,Carla Morris,+1-949-989-3151,ryan77@example.net,2001-10-29,4,Clayton
7752485,Jocelyn Pierce,+1-856-958-4559,kimberlysullivan@example.org,1955-03-21,4,Cook
6563120,Jacqueline Jefferson,840.304.2040x9232,warias@example.org,1961-10-18,5,Garcia
2332830,Ryan Cooper,+1-203-949-2570x87536,davisbrandon@example.com,1999-06-15,1,Marsh
9612777,John Farrell,(594)609-1215x56116,christine08@example.com,1972-06-19,4,Castro
1782881,Tiffany Burns,+1-327-656-8787x6033,manningronald@example.com,1982-11-02,5,Gallegos
2901484,Morgan Stevens,346-395-2154,batesdavid@example.org,1970-07-26,5,Williams
8559328,Deborah Ramirez,(855)716-0579x4989,bhernandez@example.net,1992-02-25,4,Camacho
2183317,Ronald Fisher,790.515.3725,jennifer77@example.net,1988-03-23,5,Espinoza
5127552,Bradley Carroll,921.271.9276x214,potterleslie@example.org,1984-01-01,5,Lam
1731592,Gary Lee,001-904-851-3247x29287,benjamin95@example.net,1978-03-05,4,Cruz
6657049,Robert Dean,001-878-990-0056x0077,carla47@example.org,2009-09-05,4,Cruz
2600776,Cindy Johnson,+1-719-293-2300x83063,joseph77@example.net,2000-05-13,4,Taylor
6098109,Emily Brown,(203)796-4546x5035,ghernandez@example.org,1993-01-13,1,Jacobs
8865503,Nicole Smith,441.960.4309x7499,lindseyrobin@example.com,1999-08-08,2,Nash
1384078,Carrie Anderson MD,446.269.3037x03038,byrdtheresa@example.net,1981-06-28,4,Edwards
4925121,Mary Scott,001-868-791-8113x094,ohoover@example.net,1951-05-11,1,Lam
8863493,Diane Haley,5389270149,andrewhood@example.net,1999-04-20,2,Stanley
8881394,Debbie Tyler,(676)660-7487x246,christopherwilliams@example.org,1997-10-30,2,King
6914548,Kimberly Carpenter,894-802-2884x2745,dixonlaura@example.net,1982-02-26,5,Nolan
1498256,Ryan Murray,361.817.6390x6865,nwhite@example.org,1986-09-11,2,Olsen
8141785,Dawn Drake MD,2255247053,zwhite@example.org,1967-01-09,1,Haas
4404452,Travis Smith,5255179485,jorgeshea@example.org,1988-01-24,4,Ellis
3042995,Patricia Carroll,734.205.5443x311,curryrenee@example.com,1960-10-12,5,Boyle
8154863,Amanda Brown,+1-613-458-8946x21883,andrew90@example.com,2009-10-18,1,Robertson
8392413,Nicholas Morales,703.688.4957,xmorrow@example.com,2002-11-20,3,Miller
8671174,Daniel Kim,(936)350-1593x4450,randy21@example.org,1978-12-31,1,Luna
7636378,Joshua Zimmerman,001-461-562-3040x634,troy47@example.com,1964-05-19,4,Dennis
3052609,Stephanie Gutierrez,(995)931-4131,adamhogan@example.net,2007-11-01,1,Rice
3132371,Susan Yang,580.446.2477,daniel59@example.net,1958-05-25,4,Horton
7346033,John Robbins,(262)764-6828x729,lukeanderson@example.org,2009-09-13,2,Gill
3820328,Michael Perez,+1-766-366-6232x662,dvillarreal@example.com,1974-07-20,3,Rangel
6886206,William Brown,(680)442-7917,davisterrance@example.org,1950-08-22,4,Compton
3462062,Kelsey Dixon,(478)948-3856x8985,nancyavila@example.com,1972-08-29,5,Simmons
2842647,James Walton,576.952.4583x5724,brianrichardson@example.org,1950-02-05,3,Little
3753531,Alexa Gillespie,701-249-7763x05716,fbrown@example.org,1980-09-28,1,Peterson
4439811,Emily Hunt,977.942.0252,zmarquez@example.org,1983-09-03,1,Grant
5248610,Joshua Zhang,395.713.6906,knorman@example.com,2008-01-31,4,Villegas
2006337,Christopher Thompson,843-251-3843x7371,sjensen@example.net,1969-01-30,2,Farrell
3016735,Mario Williams,(686)891-3971,elliottshane@example.org,1967-10-11,1,Robertson
1070048,Christine Carter,+1-909-576-1492x993,robert94@example.net,1977-12-14,2,Church
7662545,Christopher Burns,(628)935-8827x53668,jillscott@example.com,1981-12-31,3,Herman
1072845,Jorge Nelson,4668897729,brian44@example.com,2011-02-10,2,Gregory
9142792,Ariana Lawrence,527-969-1442,stonedebra@example.net,1963-08-16,4,Salinas
1180653,Johnathan Hamilton,225.795.0550x4870,harrisonstephanie@example.com,1951-10-24,4,Roberts
3792133,William Sanders,+1-323-856-4017,bradleyfox@example.com,1950-08-20,1,Rowe
7864387,John Bell,(858)967-7429,williamsemily@example.org,1991-10-23,5,Tyler
4277147,Laura White,3386707255,barbara65@example.org,1980-08-09,4,Crosby
9115639,Evelyn Tanner MD,590-371-3186x0442,cohenstephanie@example.org,1970-03-25,5,Austin
7830277,Traci Scott,359.342.7789x98933,brian93@example.org,1975-01-22,1,Dunn
5445552,Alexis Washington,896-511-4560,deborah18@example.net,1978-01-08,1,Watts
7862799,Brad Escobar,001-449-900-0896x79621,alan60@example.net,1970-01-27,3,Hammond
2211524,Joseph Carpenter,(837)230-5074,ygarrett@example.com,1955-01-07,2,Chen
3765014,Jamie Jones,001-714-662-2432x4540,scottzachary@example.org,2008-08-09,5,Sullivan
2806090,Lori Mcmillan,355.388.4044x62347,donnaevans@example.com,1986-08-25,4,Taylor
8366982,Ashley Randolph,387.241.6260,melissa29@example.com,1981-03-31,4,Davila
3604306,Scott Larson,+1-956-238-6757x87740,guzmanjennifer@example.org,1956-03-21,2,Keller
3981025,Jerry Jones,562-724-2908,dawn57@example.org,1991-11-06,2,Ryan
3014953,Jason Graham,376.916.7768x8269,ericturner@example.org,1968-11-28,5,Wall
7735706,Benjamin Carroll,001-694-634-1008x625,samuelodonnell@example.net,1982-03-13,1,Chapman
3371976,Logan Wells,(684)429-7199,clarkcourtney@example.org,1981-12-04,4,Flynn
5686440,Matthew Paul,+1-343-360-0465x155,egreene@example.net,1983-10-12,4,Lee
7967449,Seth Perez,+1-642-240-5052,ortegakelly@example.com,1986-04-20,4,Murray
5811083,Justin Kennedy,790-662-1647,erodriguez@example.com,1965-03-29,4,Arnold
3188492,Dr. Megan Jacobson,558-768-1285,fbell@example.com,1953-07-25,1,Savage
9043976,Jeffrey Davenport,9535473238,zachary06@example.org,1961-01-22,5,Patrick
9957509,Brittany Brown,001-772-292-6532x387,april25@example.org,1951-11-26,3,Tyler
6574923,Lynn Allen,252.504.9086,boydjody@example.org,1983-07-04,1,Wyatt
2110150,David Adams,(609)799-3269,heather76@example.com,1990-08-25,4,Wolf
5796437,Stephanie Cantrell,977-992-6897x5321,alanzamora@example.org,1967-06-15,5,Moore
8582049,Nicholas Flowers,(850)580-3441x81136,brandyhaynes@example.net,2008-01-28,2,Weaver
8458611,Jeremy Hoffman,356-454-3402x268,suarezbrittney@example.net,1956-04-09,3,Keller
1102506,Gina Myers,001-671-765-2738x05738,joseph03@example.com,1955-11-09,1,Sullivan
9913855,Jessica Schmitt,5403164674,walkeradriana@example.net,1954-04-23,4,Obrien
6324547,Lee White,(546)265-5002x0821,travis00@example.org,1959-11-26,2,Dudley
4131852,Ronald Woods,(470)899-5897x49246,hollowaylisa@example.com,1958-07-28,2,Mcintosh
1880927,Christian Smith,+1-839-271-4953x266,michael73@example.org,2008-06-05,1,Lopez
3774432,Katherine Melton,329.219.8181x6721,ohays@example.org,1971-06-01,1,Wallace
7799637,Daniel Waters,+1-719-375-3453x0928,tmassey@example.org,1953-07-11,5,Mayo
9769587,Andrew Krueger,847.298.0773,jpowers@example.net,1972-03-08,1,Soto
9620310,Sean Medina,(809)607-7260x3605,njames@example.com,1998-07-29,2,Miles
9782918,Carrie Orr,386-324-7045x3579,jenniferlopez@example.net,1971-07-04,5,Diaz
3316882,Sara Stokes,466-926-7351,tstewart@example.com,1968-07-15,1,Austin
5968981,Samantha Avery,(336)721-6717x364,sgoodman@example.net,1990-10-01,3,Robbins
3399581,Barbara West,516-852-5957,yjones@example.net,1976-06-27,5,Arnold
1713660,Danny Cantrell,001-248-714-3230x111,angela03@example.net,2005-10-18,4,Collins
1025404,Heidi Harris,001-610-362-2124,jmills@example.com,1979-07-30,1,Fields
1759329,Ryan Rocha,(463)489-8929x88769,paulstafford@example.com,1997-08-13,4,Cortez
5623380,Ryan Matthews,447-755-1078x14103,gregoryoneill@example.net,1961-12-06,1,Boyd
7368825,Dana Holt,673.750.9888,coletina@example.com,1966-12-10,2,Leach
6682420,Heather Duran,469.351.2752x945,jonathanherrera@example.org,1988-08-15,4,Proctor
2950265,Jonathan Key,(459)509-7698x33030,danielrichard@example.org,1994-08-09,2,Nolan
1822931,Justin Crosby,591.748.7643x2421,morenostephanie@example.net,1993-01-21,4,Brandt
4336480,Jeffrey Smith,+1-406-629-1530x954,jackson41@example.org,1955-01-06,2,Odonnell
5285544,David Osborne DDS,(298)882-0627x1930,tturner@example.net,2002-08-23,3,Sanford
3704145,Tyler Clarke,671-426-0716x733,jphillips@example.com,2009-04-10,5,Howard
7437982,David James,497-476-3997,jasonjohnson@example.net,1982-09-12,5,Mueller
2982680,Melissa Campos,+1-672-412-1707x99252,alvarezlisa@example.com,1971-05-11,3,Day
4470305,Kenneth Hardy,248.758.4065,rodriguezbrian@example.com,1971-02-24,3,Norris
5492819,David Clayton,(442)676-1877,collinstimothy@example.com,1952-03-31,3,Bates
3328434,Heather Franklin,+1-938-237-5941x86493,salinasjermaine@example.org,1961-03-19,3,Austin
8096911,Lisa Miller,(398)461-4282x4528,ortizphilip@example.org,1994-02-22,5,Robinson
1996770,John Bishop,001-218-302-0318x390,beckyrodriguez@example.org,1961-02-05,4,Ross
8607479,Crystal Schneider,+1-883-236-2607,sconway@example.org,1966-01-23,1,Johnson
1732200,Sydney Hill,432.506.0925x1032,mgibson@example.com,1970-08-14,4,Spence
5543684,Yolanda Watson,001-515-708-3943x13185,flawrence@example.net,1989-03-05,2,Cole
9864732,Samuel Carrillo,+1-429-838-8876x4175,crystalerickson@example.org,1988-10-29,2,Obrien
3328940,Hector Carney,391.257.5580x542,vaughanperry@example.com,1958-08-28,3,Vargas
4927956,Dylan Jones,491-352-7918x6553,villajason@example.com,1960-07-21,4,Adams
2692464,Duane Murphy,572-206-8217,bensonmario@example.org,1969-03-12,4,Camacho
2331057,Anna Barker,(937)651-5993x0722,williecarlson@example.com,1965-03-10,3,Todd
2653462,Michael Mueller,001-867-589-9890x111,pmcgee@example.com,1990-12-11,3,Blake
2178373,Joshua Lewis,(237)421-2770,staceymiller@example.org,1984-03-02,4,Swanson
7275548,Stephen Johnson,9309888252,lori83@example.com,1974-11-09,2,Casey
8895303,Brooke Williams,001-390-950-0286x6611,singhmichaela@example.org,1988-11-25,1,Patterson
9839240,Angela Jarvis,791-695-9610x950,robert52@example.org,2003-11-06,3,Norris
2316921,Brandon Wilson,+1-361-395-4724,zchan@example.net,1965-10-04,2,Watson
3448880,Dustin Brown,001-436-588-2464x1866,mark68@example.net,1996-11-02,4,Santos
9148784,Kevin Nelson,445.555.0753,lawsonkevin@example.com,1960-06-21,1,Arnold
7298090,Ryan Boyd,001-689-908-2560x314,salazarjennifer@example.net,1976-07-27,5,Marsh
1433683,Justin Allen,274-861-6809,jennifer76@example.net,2000-10-05,1,Myers
8724364,Mary Johnson,818.353.6224,yolanda82@example.org,2006-02-01,5,Jimenez
8736699,Janet Goodman,580.955.4349,samuelgray@example.com,1962-10-06,4,Dickerson
1857195,Kyle Sharp,+1-645-969-7793,elaine56@example.org,1984-09-14,2,Mcdonald
8443065,Jennifer Hart,736-587-3799,contrerasteresa@example.net,1989-02-21,4,Franklin
6586480,James Taylor,5726568799,mary05@example.com,1974-01-13,5,Hayes
5296310,Robert Price,(994)438-1617x6228,franklincynthia@example.net,1962-10-24,3,Christensen
2792773,Allison Anderson,7443702299,morganbrandon@example.net,1987-11-18,5,Wilson
3967614,Robert Small,450-882-7866,jim46@example.net,1967-12-02,3,Estrada
1215021,Reginald Bishop,275-973-9789x1225,christian70@example.net,1981-06-14,2,Pena
5595448,Bryan Simmons,001-590-784-2869x914,angela37@example.org,1986-06-02,4,Crosby
1336012,Steven George,001-439-477-6053x39466,erin24@example.com,1986-02-22,5,Watts
4750583,Miss Ashley Tyler,(214)787-8636x0048,toddnichols@example.com,1960-02-12,4,Sullivan
7504633,Ann Ross,517.761.2577x55321,mccoyriley@example.com,1954-02-25,4,Hogan
2325546,Edward Armstrong,(569)472-5126x45328,pricesharon@example.com,2008-10-08,2,Davidson
4639632,Brandon Garcia DDS,422-341-6309x474,teresagarcia@example.com,1962-06-25,5,Willis
4979223,Jose Hernandez,678-948-6618x77691,ybrooks@example.org,1952-09-27,4,Graham
1944118,Steven Hodge,708-421-0338x13726,kimsteven@example.org,1986-12-16,1,Bailey
6944901,John May,(605)419-6535,michelerichard@example.com,1986-02-13,3,Ballard
2011250,Michelle Zimmerman,567.891.7461x15023,curtismorgan@example.com,2006-08-20,5,Bates
9016523,Nathaniel Andrews,533-511-5641,ronalddouglas@example.org,1955-11-19,3,Vazquez
7408615,Carol Gonzalez,+1-676-342-5390,mark14@example.com,2001-01-15,5,Shannon
5737481,Gary Anderson,807.991.5522x0936,hjordan@example.com,1982-01-13,3,Shaffer
3875211,Joy Marshall,+1-986-959-3455x80327,lopezbeth@example.net,1989-09-06,3,Gregory
4335077,Robert Gonzalez,001-731-653-5602,jay90@example.net,1995-10-03,3,Middleton
1663500,Christopher Johnson,001-390-614-7504,melvin32@example.com,1981-04-14,5,Andrade
7265538,Jason Calderon,(449)706-9194x815,jeremyluna@example.net,1958-01-07,1,Castro
5956531,Thomas Clark,(274)333-4233x4982,hkeller@example.net,1972-06-07,4,Harris
6821932,Eric Murphy,+1-323-356-7855x980,dmoss@example.org,2002-05-18,2,Myers
8401152,Robert Parker,001-706-716-6845x35506,simpsonmichaela@example.org,2010-11-18,3,Velez
6348985,Daniel Raymond,664.794.3291x1845,matthewbullock@example.com,1998-01-05,1,Owen
5810567,Cody Nguyen,+1-627-975-8558x6967,madisonmiles@example.com,1957-07-31,2,Keller
2363911,Jesus Watts,(822)656-2462,kconway@example.net,1990-05-24,3,Noble
3959694,Vanessa Brown,+1-301-805-1424x1857,larsenalexander@example.net,1965-05-17,3,Wallace
8913215,Melanie Brooks,9487632494,olloyd@example.org,1952-01-13,3,Lam
7523605,Joseph Baldwin,(412)279-6112x87984,coxlisa@example.net,1982-05-31,1,Mathis
2542564,Michael Lowery,434-346-0017,daniel77@example.org,2001-06-09,2,Weiss
8154354,Patricia Byrd,001-748-875-1297x57311,lwright@example.com,1991-02-01,1,Reid
3047020,Terry Simpson,2878920405,monicawilson@example.org,2005-01-27,2,Moran
3528110,Amanda Hopkins,217.313.6038,kristin81@example.com,1978-05-07,5,Combs
4895564,Paul Jimenez,001-903-680-6897,vaughantravis@example.com,1969-03-25,4,Franklin
8820290,Jacqueline Martinez,788-672-1178,raymondmichael@example.org,1980-02-17,4,Dunn
7696027,Zachary Snow,704.951.5278x5497,kimberlytrujillo@example.com,1995-12-25,3,Wilson
2866605,Jamie Dickerson,482-769-0037,johnsonangela@example.net,1989-05-10,1,Keller
7021480,Elizabeth Fleming,001-223-650-0708x954,jennifer60@example.com,1977-09-21,4,Gallegos
4060223,Jacob Ray,+1-821-239-3593,fmarsh@example.org,2004-09-03,4,Stuart
9580953,Gregory Young,001-771-739-6452x414,nixonmiranda@example.net,1955-08-04,3,Wall
1689343,Amy Flores,326.530.7333x960,stevenanderson@example.org,2008-03-02,1,Brewer
9943770,Erik Ruiz,+1-733-351-0628x316,erin03@example.com,1965-05-19,5,Pena
8871851,Justin Johnson,(855)744-2794x50251,lgonzales@example.net,1965-04-03,1,Owens
8780413,Tammy Griffith,5645315714,ayates@example.org,2005-08-25,2,Mathis
4067747,Joanne Velasquez,288.695.5506x5297,rebecca34@example.net,1970-04-26,3,Dunn
7764153,Jonathan Ellis,808-224-7261x4188,aaronchavez@example.com,1995-11-11,4,Dixon
7685530,Mary Cardenas,(620)251-8932,scottdonna@example.com,1980-10-25,4,Moore
3104873,Linda Jordan,+1-246-954-9910x86507,omiles@example.org,1950-07-09,5,Hess
9639391,Andrew Ritter,001-505-306-9568x77199,travis13@example.net,1980-07-23,5,Jenkins
3137906,Patrick Carroll,684-632-9320,claymegan@example.net,1982-08-22,3,Perry
3838349,Crystal Strong,445.202.0432,steven73@example.org,1990-02-08,1,Nolan
2235832,Terri Cook,347-710-1335x324,pnichols@example.net,1966-11-23,1,Decker
8125364,Carla Bradley,752-492-0243x57638,perezlaura@example.net,1980-02-12,3,Green
6759229,Teresa Hayes,(819)644-8775x30756,hendersonrandall@example.com,1982-09-20,1,Mayo
4059919,Jason Cook,(201)322-2453x8346,renee65@example.org,1985-02-28,1,Beck
2134184,Hannah Davis,749-892-1669x02991,oowens@example.org,1949-04-18,3,Simmons
3824059,Jason Hall,(931)934-2602x07912,robert81@example.com,1993-06-21,2,Goodman
8104281,Gary Potter,001-901-647-0728,ashleytaylor@example.net,1979-10-22,5,Monroe
6944870,Stephanie Harvey,001-854-565-1324,gcline@example.net,1982-12-08,3,Graham
6456469,Daniel Stout,873.902.1236x753,jonesrebecca@example.com,1964-08-30,4,Villegas
5973821,Donna Davis,2359071852,pottskevin@example.net,1963-12-30,2,Harvey
7173567,Jeffrey Taylor,456.565.3845,smithdavid@example.com,1984-04-09,5,Jackson
3953781,Michaela Aguilar,+1-610-717-9880x171,zturner@example.com,1973-01-01,2,Compton
6843093,Jason Nguyen,876-918-4601x0516,ronald43@example.com,1996-06-29,1,May
2346030,Caitlyn Grant,(665)428-3778,michealburch@example.net,1956-01-01,2,Jimenez
8395811,Martin Brady,(594)779-3034x60889,vdavis@example.net,1969-04-26,4,Flynn
2363489,Stephanie Sullivan,722-582-0600,riddleandrew@example.net,1953-12-27,3,Murray
4391730,Jason Blake,001-446-215-3160x53866,lisa53@example.com,2000-03-29,2,Scott
8860635,James Flores,474-717-5903,scottweber@example.org,1981-08-05,3,Macias
2415833,Timothy Cook,339-972-8303,cynthiachandler@example.net,1999-10-02,2,Willis
3889966,Natalie Jimenez,324-307-9691x56266,anna68@example.com,1993-12-07,5,Robbins
8186671,Leslie Craig,715.496.5545,thomas02@example.com,1993-10-17,1,Simon
9268879,Jacob Anderson,429-506-2624,adillon@example.com,1974-10-07,2,Arias
7277752,James Guzman,+1-230-712-4358,allisonflynn@example.com,1995-09-10,3,Schroeder
2491115,Natalie Gregory,791-916-0330,tony15@example.net,2005-07-05,4,Sanford
7344424,Carlos Pitts,365.992.3649x787,yjohnson@example.com,2008-07-11,4,Keith
4885116,Matthew Camacho,001-777-672-0865x503,kimjacob@example.com,1980-09-06,4,Dennis
1241673,Jessica Bryan,001-569-571-2275x416,robert96@example.org,1949-08-25,3,Smith
9972977,Patrick Clarke,811.543.3557,ajohnson@example.com,1955-03-22,3,Ford
1497560,Garrett Mcguire,323.819.0781x9663,wlogan@example.net,1951-09-22,3,Kline
3788558,Brandy Gomez,001-415-765-5592x859,jasminemayer@example.net,1962-02-27,2,Church
7362701,Christine Stein,(636)818-7263x862,lgarcia@example.net,1952-11-12,5,Cohen
9879175,Paul Bates,+1-909-662-0674x1788,cherylvaughn@example.com,2007-02-23,1,Glover
2270555,Thomas Johnston MD,756-682-0297,ununez@example.com,1974-03-17,2,Barton
7685451,Joshua Knight,+1-656-264-5136,martha72@example.net,1956-02-18,3,Pena
1169100,Jessica Delgado,967.204.4336,donnasolis@example.net,1981-08-25,4,Mcknight
7982453,Jennifer Wilson,946-934-6202,rcarter@example.org,2008-11-17,4,Boyle
7335969,Crystal Murphy,(486)555-4974x40490,jeremy80@example.org,1993-11-15,5,Patel
4400774,Denise Fox,240-417-4869,justincollins@example.com,1992-11-06,5,Thomas
5974864,Natasha Cook MD,300-521-7556,cainandres@example.org,1977-09-05,5,Waters
6203236,Laura Baker,258-990-0344,martinbecky@example.org,1976-12-03,4,Franklin
1987819,Joseph Barnett,307-954-5814x90262,thomas76@example.com,2001-04-30,5,Rice
9147139,Susan Clarke,(721)684-7984x054,michaelmanning@example.org,1995-04-25,2,Vaughn
1867842,Tiffany Swanson,316.334.4198x903,esellers@example.com,1961-10-15,5,Saunders
8710449,Jesse Summers,441-708-3926,megan00@example.com,2006-03-08,1,Scott
5807373,Denise Graham,001-921-832-4495x542,zfuller@example.com,1952-03-10,3,Cox
3830625,Kathy Shepherd,+1-485-382-7291x74281,jill06@example.net,1963-05-19,5,Ingram
1024391,Kristin Dorsey,221.347.2681x294,cynthia86@example.org,2008-01-16,3,Cohen
3601347,Kimberly Jones,884.924.8669x4291,johncole@example.com,1979-01-16,3,King
4625274,Regina Harmon,238-683-2452x59685,qwalls@example.com,1993-08-01,5,Robertson
4966949,Samantha Nichols,(777)960-2824,james03@example.net,1978-10-15,2,Howard
7427872,Christopher Sanchez,001-378-320-4747x26526,hickslinda@example.org,2009-04-06,3,Dunn
9013198,Katherine Wallace,(663)802-0158x95752,snelson@example.org,1968-06-28,4,Mata
6651534,Erin Collins,+1-511-611-5526x9483,kleindebra@example.net,1961-08-17,5,Bruce
9345090,Kelly Brown,001-216-762-3554x70262,youngamber@example.net,1955-01-27,4,Fields
6584016,Melissa Clements,(927)891-4250,aaronvillarreal@example.net,1979-03-18,5,Hampton
4254724,Bryan Cardenas,+1-966-783-3823x65125,russellpalmer@example.net,2007-09-23,3,Ortega
1251116,Mary Villanueva,(631)706-7675x80447,tshelton@example.net,1954-05-03,5,Boyd
1720795,Larry Baker,888.783.8001x0420,millermichael@example.com,1997-12-31,5,Phillips
9599105,Christopher Hicks,(853)354-0850,apotts@example.net,1991-12-16,4,Bates
7143624,Aaron Rivas,(284)764-6212x457,campbelldarren@example.net,1957-09-15,5,Odom
8081171,Haley James,001-481-972-1236x23746,kelleycatherine@example.com,1964-07-20,2,Pena
3389922,Michelle Luna,335.208.3382,phillipstracy@example.org,1982-10-19,4,Perez
6277745,Kyle Price,811.310.6088x373,robin97@example.org,1984-06-06,2,Diaz
9599360,Jenna Moore,+1-960-713-7896x8435,karenbarber@example.net,1975-10-30,3,Allen
3189607,Scott Mckinney,(292)761-2981,rachelrichmond@example.org,1970-03-05,3,Fuentes
4456988,Raymond Pierce,+1-681-815-8914x4151,ramirezmolly@example.com,1974-08-10,5,White
5660191,Mr. David Ellis,(380)884-8948x35220,anthony16@example.com,1997-08-31,1,Chavez
7571892,Wendy Cooper,+1-583-213-8098x51122,mccoyjohn@example.com,1979-02-21,1,Kelly
6229972,Isaac Spencer,001-713-611-6645,jvaughn@example.net,1948-11-15,4,Cox
4985537,Tom Andersen,+1-310-303-5886x3205,hwillis@example.org,1983-12-19,1,Jacobs
9607941,Samuel Johnson,(304)403-9652x103,xjackson@example.net,1956-08-22,3,Wise
8877764,Preston White,604.257.7196,henrysilva@example.com,1986-10-20,5,Lawrence
6117523,Jessica Singleton,001-223-202-3508x833,nicoleflores@example.net,1950-02-03,1,Gallegos
3356931,Bonnie Jenkins,+1-287-966-8045x565,wpena@example.org,1987-01-29,3,Martin
5796086,Thomas Garner,6005483269,williamsconnie@example.org,1954-02-16,5,Chen
1208786,Timothy Chen,+1-715-667-4157,christopher97@example.com,2008-09-11,2,Proctor
4225723,William Ramos,(612)249-5036x943,millercharlotte@example.com,2009-08-01,1,Mckay
7696244,Darren Mathis,(274)577-1069,adam39@example.com,2010-12-13,4,Price
4286141,Russell Hall MD,962-501-8345,lindacameron@example.org,1979-12-07,1,Rowland
7906792,Renee Mercer,952.283.0094x08365,heatherjohnson@example.com,1989-08-08,3,Owen
2346915,David Howell,(356)283-6774,destinywilson@example.com,1983-09-16,2,Hebert
2698483,Patricia Bowen,+1-658-799-0930x250,erica65@example.net,2003-11-24,2,Ryan
6100092,Alexis Madden,998-588-2874x757,jacobvalenzuela@example.org,1993-10-27,3,Robertson
3145694,Aaron Waters,3748240696,murilloamy@example.net,1988-10-27,5,Mcgrath
1405576,Christine Miller,504.782.2238,matthew82@example.com,1995-11-18,5,Jones
3731108,Jeffrey Delgado,266.547.0877x406,juliebanks@example.org,1958-11-01,3,Barajas
8314205,Angela Gregory,(726)500-1011x308,kylegarcia@example.org,1980-01-12,3,Robbins
6210520,Robert Dunn,001-433-512-6605,krodriguez@example.org,1990-08-30,2,Nash
1761574,Patty Strong,624-845-7009,emily67@example.com,2005-05-12,4,Evans
3595311,Stephen Smith,(821)766-3475,baileymarie@example.net,1985-04-23,1,Tyler
5637259,Monica Ramirez,2387130957,keitholsen@example.com,1973-02-07,1,Rose
7819441,Sharon Brown,001-602-406-7318x3681,samanthamiller@example.com,1957-11-10,1,Robertson
8845928,Kimberly Monroe,3177929359,williamslawrence@example.com,2011-04-09,2,Lewis
2320462,Stephanie Patel,+1-429-311-4175x8548,william09@example.org,1954-07-02,3,Kaufman
7487570,Jennifer Richardson,001-355-599-1908x6224,cbrown@example.net,1999-09-25,3,Wilkins
4737750,William Harris,(627)819-6259,stefanieferguson@example.com,1950-09-04,1,Benitez
6423347,Nicholas Burton,+1-575-230-4015x079,wolfmitchell@example.net,2003-04-19,4,Lyons
8407143,Kevin Daniels,001-905-842-6533x930,fosterjason@example.net,1961-07-03,2,Tapia
8771472,Stephanie Williams,+1-703-569-8418x045,terri47@example.net,1963-08-01,2,Evans
6393481,Wendy Brown,+1-602-802-2970x8390,gomezjulie@example.org,1985-06-18,3,Diaz
3202595,Shelley Gregory,+1-280-767-7625x36711,julie25@example.net,1979-01-12,3,Washington
9722941,Kyle Glover,+1-585-593-3704x777,castanedaana@example.net,1962-10-31,2,Stanley
5178565,Sandy Bates,(230)694-1820,jonathan06@example.org,1995-05-05,1,Luna
3905103,Matthew Kirk,8817986187,farmerlindsey@example.net,1950-01-30,2,Todd
1781715,Tanya Le,001-938-299-9475x35589,hollyking@example.net,1948-09-26,5,Schneider
6330466,Amber Bullock,(277)862-1677,zrobinson@example.com,1951-12-26,3,Gregory
6878362,Ashley Owen,235-247-6897,nwalker@example.com,1973-05-08,4,Palmer
6796452,Raymond Hall,(347)360-7576x9091,alexanderjeffrey@example.org,1965-11-01,2,Hess
9633690,Dana Bennett,504-624-2271,thomas75@example.org,1971-06-16,3,Obrien
2427567,Julian Sanders,494.464.9950x9897,kmorris@example.com,1966-07-01,5,Lambert
5021219,Jamie Warner,+1-903-474-2497x46970,megan18@example.com,1986-12-20,1,Owens
2669878,Jennifer Bond,+1-416-474-4425x089,dawsonebony@example.org,2008-11-13,5,Walters
9754692,Matthew Gilbert,738-596-5369x3228,gomezangela@example.org,1998-10-04,3,Carter
5692935,Kevin Thomas,870-508-8190,hillcharles@example.net,1965-11-19,2,Dixon
9653100,Barbara Horton,001-531-253-9768,esmith@example.com,1973-10-10,4,Hogan
6463313,Joshua Conley,4363827612,allison50@example.net,1950-02-06,4,Ellis
9064510,Veronica Kelly,+1-947-267-7804x2626,wrightlisa@example.net,1949-03-20,4,Camacho
4890765,James Bush,+1-548-862-8644x46056,zbrown@example.org,1982-12-18,3,Peters
6373635,Shannon Jones,4806778965,lauren53@example.org,1974-01-27,4,Mcgee
9992866,Kevin Pace,001-505-563-6405x3318,daniellejackson@example.org,1950-02-01,2,Perkins
2105014,Dana Johnson,001-586-808-6779,ymiller@example.org,1954-09-17,5,Olsen
7451727,Daniel Sparks,(352)634-0717x322,pjohnson@example.com,2003-11-12,2,Jackson
1915683,Rachael Berg,419.257.8972x077,jared17@example.com,1949-08-24,4,May
7522245,Michael Martinez,515-227-6706x61793,uolson@example.com,1972-06-18,4,Mcgrath
4446626,Erica King,637.441.7860,vharding@example.org,2009-04-21,1,Benton
5246637,Jennifer Bradley,285.937.7950x9639,ggonzalez@example.com,1967-10-20,3,Patrick
7657213,Adam Martin,(334)494-5617x88742,pcline@example.com,1985-11-23,1,Stevens
9969591,Thomas Rivera,001-460-255-3328x5746,djones@example.net,2008-06-12,2,Marshall
6168394,Jared Ramirez,417.902.6766x888,madeline96@example.org,1981-11-17,5,Robles
2746633,Brittany Mills,776.703.2703x8187,heathergordon@example.com,1959-09-14,5,Proctor
2119141,Christopher Martinez,001-928-565-5622,ojones@example.com,1992-02-28,4,Brandt
1812062,Adam Mcdaniel,(403)862-5559,jocelynzamora@example.net,1992-08-17,1,Boyd
7838515,Shawn Taylor,347-939-7923x18978,kevin02@example.com,1980-01-05,2,Mathis
1383803,Stephen Williams,+1-544-211-8421,sethburke@example.com,1996-07-10,3,Randolph
9525773,Gail Lee,756-462-5553x2683,ryan59@example.com,1954-04-12,1,Wyatt
9516856,Sarah Valenzuela,+1-437-563-5973x526,joshuakelley@example.org,1977-04-23,5,Horton
8030661,Bethany Edwards,001-473-623-2015x660,pmason@example.net,1959-05-02,5,Hess
1024366,Daniel Little,001-604-781-8074x47187,brucebowers@example.org,1990-07-14,4,Pena
7506163,Justin Doyle,+1-274-277-6686x7152,ngomez@example.org,1990-12-22,5,Collins
4693612,Jennifer Zhang,(767)557-8054x15343,olivia02@example.org,1993-02-09,5,Dunn
2619517,Donna Hunt,638-564-7106,mark93@example.net,1968-06-15,2,Owen
1748299,Tiffany Yates,+1-239-685-0244x490,janet31@example.net,1991-12-17,2,Camacho
4681230,Amanda Morris,(724)630-0113,walkeralexandria@example.net,1954-09-03,2,Stein
4797520,Michael Harris,(728)298-9678x80517,rschultz@example.org,1949-04-17,4,Stein
2087935,Felicia Williams,+1-282-863-1906x092,ashleymaureen@example.net,1965-11-16,5,Black
5633024,Brenda Miller DDS,690.736.7041,chendricks@example.org,1953-05-09,3,Blake
4837537,Michael White,(438)231-3757x7330,williamstone@example.org,1991-11-06,1,Chavez
9565912,William Neal,9946488468,david92@example.net,1965-05-27,3,Gallegos
4342797,Cathy Morris,744-793-1037x95963,jacquelinewalsh@example.org,2011-03-17,3,Mcgrath
6886079,Kimberly Mills,001-729-935-0820x611,nicole22@example.net,1999-05-27,5,Clayton
6066721,Chelsey Austin,+1-788-774-1137x373,kwade@example.net,1963-03-11,3,Jackson
1219783,Cesar Garza,5885454766,lmcbride@example.com,2005-09-23,3,Mcgrath
6221100,Shelby Brock,(433)477-3559x6096,rjacobson@example.org,1976-09-27,1,Kelly
8581766,Nathaniel Herring,+1-335-530-8763x19198,george59@example.org,1998-05-20,3,Goodman
1796160,Anna Williams,512.486.9209,katrinagrant@example.net,1952-09-09,2,Cook
9423861,Chase Scott,5966169074,fitzgeraldsean@example.org,1969-11-06,5,Patterson
3103368,Taylor Best,254-317-6262x156,jamesrose@example.net,1962-10-20,3,Best
1192863,Richard Cruz,+1-396-944-6741x5928,hendersonsandra@example.com,1977-04-11,4,Hall
8791611,Rebecca Robertson,+1-830-961-2552x846,taylorkevin@example.com,1985-02-15,4,Lewis
2207719,Stacey Drake,+1-446-991-3030x70262,denisesolis@example.net,1988-10-05,4,Hall
4502509,Deanna Johnson,(887)978-0220,jennifergarcia@example.net,1984-09-21,3,Mathis
7425730,Jessica Williams,701.968.0301,jefferyrandolph@example.org,1964-10-04,4,Fleming
4939633,Jessica Parker,669.790.6604,zriggs@example.net,1966-02-27,5,Harris
9217830,Nicholas Schaefer,+1-250-492-4446,scott92@example.net,1984-03-11,2,Washington
8062589,Randy Harvey,(528)695-2438,kennethreid@example.net,2004-04-29,4,Waters
9514458,James Kelly,6956814209,kaylanunez@example.org,1967-07-18,3,Anderson
9439696,Steven Anderson,341.860.6000,dmoreno@example.org,1979-07-22,1,Gomez
4317085,Lisa Martinez,001-479-239-5679,zbrown@example.org,2006-09-17,1,Gregory
1734176,Ashley Wolf,458-723-0418x3838,jeffrey19@example.com,1986-03-30,5,Monroe
5094053,Garrett Hull,464.978.3482x0574,wjenkins@example.net,2006-03-04,2,Mayo
7488218,Steve Holt,457.345.7848x69171,fnewman@example.com,1973-11-28,5,Garcia
2698613,Mary Ward,654.741.2503x14376,katherinejimenez@example.net,1953-06-20,3,Wilkins
7975890,Leslie Holmes,(819)917-0341,meganpalmer@example.org,1958-12-19,3,Luna
6828215,Karen Grant,806.643.5708x57658,patriciagreen@example.net,1997-07-14,3,Mueller
3470362,Julie Berg,4572080859,tammypatel@example.net,1963-03-13,4,Steele
9882644,Jonathan Palmer,001-762-880-8178,vjackson@example.com,1980-07-24,1,Nicholson
6486741,Beverly Wilkinson,+1-367-667-4695x544,qmurray@example.org,1998-04-04,5,Strong
5267294,Tina Smith,392.248.7135x0387,matthew26@example.net,2008-07-07,1,Frazier
9143664,Katie Campbell,938-892-2141x932,daniellenewman@example.net,1949-12-26,1,Cannon
4018175,Donna Gregory,+1-478-857-7281x71356,courtneyblevins@example.com,1964-01-19,4,Boyle
8060246,Julie Smith,797.384.7120,douglas96@example.org,1980-02-17,4,Blackburn
1952867,Joel Bruce,+1-745-663-1338x47631,ramirezpeter@example.org,1998-07-02,3,Navarro
4759896,Cynthia Adams,+1-856-648-3642x7908,rodrigueztravis@example.com,1966-01-11,3,Pace
6417666,Jon Wells,517.366.1274x2907,lisareyes@example.com,1999-12-30,2,Lopez
7711049,James Munoz,212.413.9323,nhess@example.net,2008-04-26,3,Collier
8938657,Debra Cox,(834)504-3341,andreawalsh@example.org,1973-08-29,5,Kemp
9709142,Emily Moreno,253.634.5352x24641,yduran@example.com,1999-10-06,5,Mathis
6782934,Pamela Brown,(548)965-8619x269,pamelaparker@example.net,1951-10-01,4,Arnold
1388185,Kathleen Ford,001-823-336-0344x9710,ykoch@example.org,1969-04-16,4,Thornton
6000754,Paula Jacobs,+1-619-890-6743x861,harmonlori@example.net,1988-04-25,3,Mason
9606220,Erica Sims,001-472-909-0574x41154,ymcdonald@example.org,1959-06-05,2,Davis
5782616,Blake Jackson,(899)661-9755x44918,wjohnson@example.net,1987-06-04,5,Nguyen
9332251,Angela Compton,+1-577-832-3521x52942,sheila56@example.com,1983-04-09,4,Knight
3211256,Lauren Obrien,403-457-4515x17241,udavis@example.org,1989-07-17,1,Zimmerman
5973483,Scott Cook,668.906.2597x3904,srobinson@example.com,1986-08-26,5,Estrada
3903712,Timothy Thomas,+1-824-550-6193x6489,paul15@example.com,1972-08-20,1,Sanford
1041091,Darrell Vazquez DDS,+1-870-207-0321x5251,rmitchell@example.net,2009-03-05,3,Serrano
5524535,James Bell,+1-216-671-1181x9753,regina51@example.com,1985-06-29,5,Watts
8389090,Christopher Boyd,+1-465-909-0729x949,xarroyo@example.net,2009-04-09,4,Thomas
3785966,Scott Jones,380.933.1427,hjones@example.com,1992-09-05,3,Hart
8620836,Haley Perez,001-815-998-8856x150,davidwillis@example.net,1987-03-24,1,Flores
6178578,Todd Cohen,633-612-3150,ronaldramos@example.net,1973-01-24,4,Knapp
6209525,Aaron Gallagher,+1-263-299-6872,ujones@example.org,1994-07-24,4,Cooper
1175571,Scott Grant,7676886766,ydean@example.com,2000-01-15,2,Gardner
4816106,William Woodard,+1-439-916-2019x522,fosterstephanie@example.net,2010-11-12,5,Alvarez
3047244,Nicholas Lin,530.990.4264x0351,tiffanyrivera@example.org,1955-06-26,1,Ramos
3083848,Javier Finley,001-736-787-9937x87789,rodriguezdavid@example.org,1974-03-07,4,Middleton
3704213,Brianna Walker,(501)517-1093x39901,markjackson@example.net,1952-12-08,4,Patterson
4595547,Jessica Arnold,204.465.0030,jennifercarr@example.com,1981-12-11,2,Weiss
2908410,Carol Nunez,256-682-5680,robertsjulie@example.net,1992-11-29,3,Compton
5770992,Shannon Martin,001-962-855-6772x32603,jeremiahlee@example.com,1965-03-26,4,Blake
4975334,Courtney Tucker,+1-677-577-7596x16915,justin06@example.org,1964-06-13,3,Thornton
5320354,Mr. Steven Dennis Jr.,448-210-5351x073,jennifervaldez@example.net,2007-07-13,4,Smith
2765509,Brandon Jones,+1-421-224-3484x2019,clairespencer@example.com,1996-04-12,5,Ramos
6953162,David Martin,7554712217,robinsonmarcus@example.org,2008-05-19,1,Nixon
8972550,Gabrielle Hampton,519-910-9949x809,chad44@example.org,1999-01-14,5,Wheeler
2896788,Laura Clark,001-848-219-1942,fwells@example.org,1974-08-27,3,Dean
9260588,Mr. John Greene,765-973-9136x9626,arthur56@example.org,1950-06-23,4,Peterson
7637046,Danielle Lee,824.753.6674x81017,markknight@example.net,1958-10-09,3,Simmons
6173430,James Ford PhD,001-409-740-3506,bwilson@example.org,2001-04-10,3,Perkins
8291994,Traci Delgado,(388)682-0358x72067,toni78@example.com,2005-09-30,3,Raymond
1565018,George Griffin,+1-509-324-6701x118,natalie45@example.org,1980-07-06,1,Peterson
8040900,Shane Trevino,558.464.7121x987,adamssamantha@example.org,1999-08-17,5,Rowland
3696791,Catherine Stanley MD,723.646.3077,robertriddle@example.net,2010-01-12,3,Blake
7027817,Haley Lewis,2495482339,annapowers@example.com,1971-02-08,3,Sharp
6828858,Carol Gomez,549-938-7557x8824,dadams@example.org,1984-09-30,5,Reeves
6328957,Justin Sparks,+1-860-727-3782x48546,halljohn@example.net,1974-11-27,2,Arias
5985553,John Walker,802-632-2477x93533,acostalouis@example.org,1950-05-28,5,Vasquez
7454057,Jonathan Warren,507-284-1962x4155,christine92@example.com,2000-04-15,5,Estrada
6687933,Carlos Bryant,619.389.2145,fcarter@example.net,1968-11-29,4,Edwards
5374064,Sarah Flowers,001-274-513-2338x827,nmcpherson@example.net,1955-07-09,4,Schmidt
2113808,Alicia Drake,(891)842-1583,melindaroberts@example.net,1969-12-08,3,Camacho
5937487,Christopher Brown,(295)447-2552x00000,kerrcatherine@example.com,1993-03-27,4,Collier
2025699,Derrick Mendez,+1-221-652-5182x0970,leealan@example.com,1971-01-14,1,Sullivan
9281899,Kelli Lara,001-457-412-0642x9511,colemanlinda@example.org,1970-10-17,4,Johnson
3856572,Brittany Harrington,+1-616-224-2221,yatesmary@example.com,1954-06-18,1,Willis
5720278,John Gross,330-487-4995,mike62@example.org,1978-10-29,3,Hart
1484576,Samantha Mayer,+1-526-813-2787x9101,krobinson@example.net,2011-02-19,1,Leach
7042000,Ronald Hughes,001-535-947-4188x4077,esparzanicole@example.net,1973-12-21,4,King
7280777,Ann Lopez,+1-679-351-4667x5042,zmcdonald@example.com,1982-03-19,5,Fields
1081381,Susan Miles,2054630063,munozroy@example.com,1967-04-07,1,Stein
6418055,David Brooks,346.990.4926,andersonchristina@example.net,1965-10-03,3,Leach
2290538,Jessica Banks,440-633-8136,juanparker@example.net,2008-03-25,2,Norris
9701218,Katie Nolan,(810)762-6702,breannasmith@example.net,2011-05-25,3,Fleming
1232577,Rose Jackson,945-339-8659,brian74@example.com,1989-12-14,2,Brown
2895651,Robert Mcclain,+1-564-894-7996x3279,vford@example.net,1981-02-21,2,Rangel
3010349,Richard Fischer,599-734-6524,cbenitez@example.net,1990-07-12,2,Phelps
4684554,Michelle Simmons,511.485.5391x532,jennifer90@example.com,2003-06-30,4,Cook
4569202,Ronald Lewis,351-563-0608x2744,bradhoffman@example.com,1952-11-10,5,Gray
5736406,Heather Robertson,589.243.6290,yjarvis@example.net,1978-06-21,3,Conrad
9294606,Ryan Neal,001-361-231-8668x3911,marcgibson@example.net,1999-05-01,4,Ellis
1320187,Melissa Villa DVM,642-627-1828,michele46@example.net,1949-02-09,5,Riley
5394260,Crystal Butler,753.748.3097,kristibrown@example.net,1986-02-24,4,Proctor
5376448,George Jimenez,794-823-8630x65480,imoran@example.org,1991-09-10,2,Duran
7366699,Jasmine Davis,(662)737-8830,osbornecolleen@example.org,1975-09-15,1,Brown
2722131,Alyssa Mata,831-955-6720x208,brianweber@example.com,1966-04-11,5,Marks
9233438,Matthew Johnson,(244)512-5703,timothysteele@example.com,1987-12-19,1,Newman
1172472,Allen Davis,(293)781-6500x290,julian49@example.com,1994-01-04,2,Williamson
2552916,Wesley White,741.596.6578,matthewmiller@example.org,1996-10-24,5,Green
9963912,Edward Richards,534-764-2892x75350,robert93@example.com,2009-11-18,4,Zimmerman
5858175,Joshua Schmitt MD,001-561-249-1895,fieldscasey@example.net,2008-02-23,4,Alvarez
3008331,Marcus Conley,+1-375-826-9221x58736,lmccall@example.org,1960-11-10,5,Powers
5448518,Betty Gonzalez,+1-340-978-4391x5626,rachel14@example.com,1984-11-28,3,Kline
1102948,Judith Brooks,(763)612-8069x982,estradamark@example.com,1995-03-29,5,Chan
5235058,Michael Walker,739.320.6171,matthew98@example.net,1957-01-11,3,Blackburn
3383775,Patricia Griffin,309.891.9805x5346,diazsabrina@example.com,1971-07-17,2,Price
5421792,Jacqueline Nguyen,(284)421-1915,anthony44@example.net,2011-06-17,4,Moran
6072169,John Barnes,+1-321-398-1590x106,scottdeborah@example.com,1959-04-18,2,Trevino
1376261,Jennifer Scott,858.981.7081,josephjimenez@example.net,1978-12-27,1,Murphy
9088129,Natalie Baker,+1-501-271-0680x38558,anthonylong@example.org,1955-01-31,3,Simon
5372725,Margaret Holt,+1-222-637-9621x91772,davidcampbell@example.net,1956-11-01,5,Young
4745587,Jacqueline Cruz,(657)917-0386,benjamin89@example.net,1982-09-23,5,Hawkins
5509649,Sydney Cruz,287.486.2269,matthew84@example.org,1975-03-08,1,Carlson
7398364,Ashley Brown,+1-369-606-0466x63941,kristencarney@example.com,1994-03-15,5,Richardson
3770315,Linda Brewer,(909)614-0369x84788,santosmitchell@example.net,1983-07-10,3,Goodman
8380494,Brian Williams,259.725.2070x205,eddie07@example.com,2006-03-12,4,Burke
1816716,Krystal Johnson,311.339.7795,danielbarnes@example.net,1953-06-22,5,Middleton
5445096,Karen Hall,332.604.9338x501,caleb53@example.net,1982-07-08,5,Sanchez
7873369,Alexander Jones,001-239-983-4763,amanda92@example.org,1986-06-12,4,Harding
3244454,Hannah Cortez,903.777.5662,kennethfowler@example.com,1963-01-08,1,Stewart
2761604,Ebony Higgins,+1-444-856-0328x450,peterduncan@example.net,1969-10-25,3,Best
5263565,Andrew Hawkins,688-466-9016,fernandezbenjamin@example.net,1968-10-27,4,Moran
8678680,Elizabeth Love,(903)953-5846,jasonriley@example.org,1995-02-27,1,Waters
6551045,Stephanie Rivera,319-915-5794x1088,courtney37@example.org,1986-11-26,2,Graham
5833479,Alicia Mcfarland,001-681-974-7903x404,gregorysullivan@example.org,1993-11-20,2,Knight
6316307,Michael Pham,+1-400-267-0749x13348,elizabeth24@example.com,2006-08-23,5,Sanders
6879264,Scott Cline,+1-704-301-9120x3066,tjackson@example.com,1949-10-02,5,Stevens
6854830,Stephen Wells,(760)710-1580x6453,brent12@example.net,2010-05-12,3,Peters
4244212,Gary Sexton,946-391-3148x84435,gonzalezanna@example.net,1987-09-04,3,Daniels
1286679,Steven Short,857.588.5650,fscott@example.com,2010-08-26,3,Duran
8374279,Mr. Michael Rogers,001-444-912-8136x4778,lauren42@example.org,1987-01-03,1,Stewart
3979966,Monica Winters,8487121855,johnfreeman@example.org,2004-06-28,3,Salinas
9347142,Kenneth Atkins,530.447.7477,katherine13@example.org,1949-07-24,5,Burns
7289393,Madison Hull,5198723360,joseph99@example.com,2009-05-05,4,Dennis
6604179,Marilyn Avila,(894)814-7357x893,kellykyle@example.net,1962-10-15,4,Li
8584164,Mark Mcdaniel,+1-303-230-2173x382,veronica95@example.net,1948-07-22,5,Holmes
6983942,Robert Miles,(231)368-9895x7207,ericfrancis@example.com,1985-12-29,5,Swanson
7633798,Douglas Mcfarland,466.576.1835x3401,rdouglas@example.org,1954-06-25,4,Hooper
5919551,Paul Hoffman,8825032547,cobbsandra@example.net,1997-04-30,4,Villegas
1071369,Robert Thomas,997.313.2162,veronica33@example.org,1975-08-28,2,Boyd
2666225,William Roberts,+1-305-216-7705x376,trevor44@example.com,1998-02-12,4,Lloyd
7255789,Debbie Miller,+1-539-702-1229x75520,caseyedwards@example.org,1951-03-05,1,Lyons
8201763,Brittany Sanchez,482.555.6671,howardmaria@example.net,1954-01-21,2,Sanchez
1736458,Joseph Beltran,(393)675-8259,kathryn18@example.net,1986-07-06,3,Gonzalez
8292046,Kirsten Miller,+1-370-927-9523,kyle92@example.net,2007-08-06,2,Hernandez
3479058,Kristy Thomas,(626)757-9824x988,robert32@example.com,1958-08-18,4,Brandt
7004612,Julia Cook,723-417-2873x863,contrerasvalerie@example.net,1997-10-23,2,Daugherty
8765515,Mark Marshall,001-971-783-4708,mark51@example.net,1960-05-29,5,Herman
6223434,Denise Kim,755-558-9244x43676,mariasuarez@example.com,1972-11-28,2,Hernandez
1427571,Judith Fields,2226422432,vsteele@example.com,1965-07-16,2,Boyle
4016533,James Rivera,536-480-9673x5670,christopherthomas@example.com,1964-05-16,4,Little
9788409,Jordan Williams,8295921305,kanebrittany@example.com,1973-02-24,2,Powell
5376071,Greg Lee,209-706-9354,vserrano@example.com,1995-02-17,2,Bailey
8990060,John Shields,4979387227,benjaminwest@example.net,2010-01-04,4,Stevens
2599610,Jorge Davis,(273)549-6799x837,patriciathompson@example.com,1994-11-23,2,Robinson
4619561,Emily Fuentes,294.532.8120x01846,dweeks@example.com,2004-12-26,3,Kim
5949741,Kevin Li,631.724.7038x381,rvasquez@example.org,1967-02-02,3,Alvarez
4771767,Patrick Cox,833-482-8766x93594,higginscindy@example.com,2002-09-05,4,Austin
8719419,Jonathan Thomas,525-251-1886,cfoster@example.net,1991-02-25,2,Luna
8450178,Antonio Warren,(335)907-9052x1175,qday@example.net,2009-07-18,3,Fleming
9691795,Emily Miller,(867)439-0539,hillsamantha@example.net,1964-08-08,4,Mueller
7361259,Victor Robinson,672-791-2173,rebecca08@example.com,1998-12-02,4,Nolan
8088886,Kurt Miles,+1-735-227-1103,james79@example.org,1986-12-15,2,Aguilar
3085034,Michelle Mullins,5117193787,joshuagibson@example.net,1997-10-05,5,Marks
2810753,Cheryl Ware,973.740.9790,yhoward@example.org,1959-05-12,1,Hunter
5295873,Mark Morgan DDS,001-882-856-8168,weavertina@example.org,1992-01-19,1,Black
2535260,Holly Bass,001-929-386-0334x770,leachdaniel@example.com,1959-03-23,4,Robbins
1295466,Andrew Taylor,(409)742-2158x3657,cookdaniel@example.net,1959-04-10,4,Vasquez
2749415,Vanessa Peters,937.232.1848x672,nicole33@example.com,2008-09-16,1,Church
1109661,Billy Wong,001-486-681-9356x707,jessica96@example.com,1978-11-27,3,Cortez
2795744,Victoria Bradford,001-889-880-0863x22255,linda71@example.org,2004-09-12,4,Kim
3796454,Sherry Armstrong,268.357.8055x9589,vargaskylie@example.net,1982-01-13,4,Hammond
3678353,Mary Morales,(655)769-8116,sarahdawson@example.com,1992-10-22,3,Patel
8673742,Laurie Calderon,001-504-299-8277x01077,john02@example.net,1952-04-16,3,Escobar
7611420,Kiara Bell,265.709.0486x27277,sandersjoseph@example.org,1982-10-02,3,Hawkins
3423156,Rebekah Delgado,001-608-562-2663,ballardallen@example.net,1949-12-09,4,Wallace
5974674,Angela Tucker,644.440.6992x265,jmeyer@example.com,1992-04-05,1,Curry
4328606,Patricia Wade,2264192395,smithkelsey@example.net,1954-09-29,5,Jenkins
5478300,Taylor Matthews,377.292.4353,katrinajimenez@example.org,1992-07-14,4,Martin
6602325,Steven Sanchez,757.863.1826x5778,huntwilliam@example.net,1992-07-19,5,Keith
4780923,Mario Doyle,+1-290-918-3269x297,jrodriguez@example.com,1956-03-17,2,Pittman
4708238,Eric Moore,9424395770,cvazquez@example.com,1980-08-29,3,Lopez
4088588,Jasmine Ryan,(950)270-6779x1101,daniel33@example.org,1949-08-29,4,Schneider
2287054,Kerry Cruz,(774)216-6198,ikennedy@example.com,1990-05-23,3,Wagner
2863690,James Olson,538-211-8913x1041,sheilamartinez@example.com,1990-03-01,4,Espinoza
5357468,Gene Watkins,648-647-7859x3007,richardsonjulie@example.net,2001-04-13,3,Arias
1914293,William Rush,925.529.1391,phartman@example.net,1999-10-12,4,Edwards
1568550,Julie Andrews,(961)395-5632x0088,miguel80@example.org,1995-01-05,3,Chapman
2109732,Mary Cortez,806-743-2542x753,troygarcia@example.com,1989-05-11,2,Lee
9166906,David Price,(897)984-4153x477,kbarnett@example.com,1988-05-10,2,Riley
8683653,Stephanie Torres,(866)976-5492,ariel61@example.org,2000-12-01,5,Meyer
9157779,Brittany Tucker,(872)388-7370x423,mdavis@example.com,1966-01-07,4,Jones
4635244,Marie Lawson,(687)480-2945x96999,marissaburke@example.org,1963-06-06,5,Marshall
3307607,Jody Butler,(591)378-8950x56630,alexander79@example.com,1979-07-28,1,Fitzgerald
6335164,Anita Morris,(603)359-3332x4369,christophereaton@example.org,1981-11-29,1,Arias
9700747,Virginia Cruz,241.999.1678x585,teresahanson@example.com,1951-03-02,1,Wang
4283341,Amy Ritter,8524440532,simmonscarly@example.net,1976-07-31,2,Sutton
6681389,Larry Webb,569.931.5901,nancyjones@example.org,1952-06-22,4,Stein
4625664,Cynthia Stevens,001-470-432-6340,rforbes@example.com,1975-04-07,5,Watts
4226619,Robert Collier,001-729-990-1100x12422,richardcox@example.org,2011-06-15,5,Logan
1262757,Olivia Farmer,001-783-959-9236x53758,natashawilliams@example.net,1964-01-01,3,Reid
9603578,Deborah Frazier,(367)699-1908x08481,stokesalexander@example.org,1992-08-23,4,Campos
1620490,Tiffany Cox,001-373-437-4618x502,gsmith@example.net,1953-01-12,2,Curry
5686370,Olivia Montes,684-823-8696x129,david66@example.org,1976-12-30,4,Mayo
5771668,Gabriel Cortez,614-710-8692x63913,dmatthews@example.net,1967-05-20,2,Wall
9453218,Christopher Allen,240.889.0139x376,randallcurtis@example.org,1949-04-30,3,Harding
5552667,Kyle Ross,001-471-380-7219x234,gonzalesraymond@example.org,2000-09-19,2,Cooper
6643440,Jade Barnett,336-346-3121x0182,bryan30@example.net,1979-01-24,5,Patel
8316948,Steven Edwards,(640)533-0634,derrick91@example.com,1962-05-10,4,Stevenson
1892936,Rachel Marks,001-825-570-4242x86060,morrishoward@example.net,1989-01-01,3,Sandoval
2604650,Michael Owens,6839717398,knightbrooke@example.com,2005-09-11,2,Gomez
8888748,Matthew Lyons,(512)385-3911,thomasphillip@example.net,1966-05-11,5,Hayes
4492818,Glenda Smith,+1-942-700-9027x6707,vincent27@example.com,1964-10-06,5,Boyd
6818635,John Randall,318-856-6149x25526,ehudson@example.net,1985-03-29,5,Livingston
2403372,Edwin Simmons,496.606.6668x319,raymondmcdaniel@example.com,1990-08-05,2,Weber
6456638,Wesley Kennedy,490-295-8457,nchen@example.com,2009-11-05,3,Sandoval
3557627,Eugene Thomas,001-987-342-7438,stephensharp@example.net,1973-11-04,1,Rose
4515927,Stephanie Kelly,+1-886-541-0654x89346,gordonrobert@example.net,1968-03-28,2,Cook
3860782,Linda Bates,731.706.5102x063,hernandezalexandra@example.com,1949-07-16,5,Gardner
7594001,Tina Carr DVM,784-553-8427,larsenlisa@example.com,1957-01-27,2,Sutton
8150322,Kelli Russell,(995)362-3216x038,annette19@example.net,2010-08-08,2,Crosby
6827181,Kimberly Taylor,502.482.0026,kimberlysmith@example.org,1991-07-06,5,Cohen
5249247,Brittany Monroe,402.332.1983x2028,henrybradley@example.com,2010-01-15,3,Collier
9090837,Edward Perkins,+1-443-323-3444x914,michael71@example.org,1976-12-03,1,Austin
1774962,Stacy Arellano,5168488357,edwardwilliams@example.org,1963-04-26,3,Hodges
9989719,Mitchell Snyder,2457933098,cynthia92@example.org,1976-09-22,5,Hodges
6706849,Kathleen Reynolds,(468)527-8469,isaiahnelson@example.net,1953-10-03,5,Ballard
4040374,Christopher Mills,819-797-2574x37046,kriley@example.org,2007-02-24,3,Tapia
9206405,Kayla Alvarez,368-929-7689x981,hernandeztimothy@example.com,1991-01-19,2,Davis
8722100,Sarah Hopkins,2503844757,carolynwebster@example.com,1993-03-19,5,Kim
6942519,Amy Perez,001-262-564-7421x649,jeanette96@example.com,1978-03-27,1,Rangel
4290437,Robert Phillips,001-991-470-7159x631,reedkimberly@example.org,1948-07-09,5,Rangel
7789141,Michael Barnett,+1-739-485-1649,boothbobby@example.org,1997-06-02,1,Pena
9378657,Richard Glenn,8134512670,hstephens@example.com,1996-12-14,1,White
7351718,Donald Smith,+1-799-631-2697,daviskenneth@example.org,2009-09-21,5,King
3411024,Kenneth Taylor,001-574-401-9039x276,andersenveronica@example.com,1949-05-22,5,Harris
9135987,Brittany Johnson,475.260.7096,jgibson@example.net,1981-06-08,5,Castillo
5339215,Kevin Erickson,(454)869-9638x17714,brandi92@example.net,1998-01-02,1,Hooper
6750414,Madeline Chavez,+1-481-978-9902x0607,olsonmaria@example.org,1985-03-22,1,Davila
4267201,David Matthews,+1-376-740-0668x82768,kaitlynrichards@example.org,1952-09-11,2,Aguilar
3134884,Jerome Mueller,+1-352-757-7643x50772,wnelson@example.net,2007-05-24,4,Hunt
1428273,Tonya Mccarthy,460-389-5658x086,tracey36@example.net,1959-08-03,5,Patrick
6981486,Jeffery Floyd,+1-897-907-9735x3677,christinewright@example.net,2009-10-10,4,Trevino
2500565,Michael Gordon,883.868.3258,shannongarcia@example.net,1961-04-20,5,Bailey
9035871,Daniel Gonzalez,715-676-0067,hawkinscharles@example.net,2001-06-04,2,Robinson
9535501,Steven Santos,412.971.5819x68875,ecline@example.net,1972-11-03,5,Weiss
3308066,Robert Wilson,001-628-397-3844,arthur13@example.com,1982-06-29,4,Ingram
4484253,Samantha Miller,271-327-7980,itaylor@example.net,1959-12-18,2,Simon
6497758,Patrick Walker,614.528.0411,robertcurry@example.org,1980-02-05,1,Evans
1844386,Wesley Johnson,452-885-2465x57846,gilbertkathy@example.net,2004-02-24,1,Richardson
5667574,Shannon Mccarthy,358.677.4469x5961,bryanpowell@example.com,1963-09-17,1,Harris
5397555,Bradley Matthews,001-814-381-7967x00368,brianpowers@example.net,1977-02-06,3,Rose
2099207,Anna Craig,+1-642-609-5617x465,ujacobson@example.net,1974-05-29,4,Dunn
9755907,Johnny Griffin,001-631-790-2339x691,marythompson@example.net,1967-05-13,5,Henderson
6076362,Nancy Wade,211.659.9030,farmerelizabeth@example.com,1961-03-03,1,Sutton
2955844,Ronald Robinson,309.297.5292,lgarrett@example.com,2001-02-06,5,Carson
9687991,Taylor Harris,+1-782-565-2968x53352,hartnicholas@example.com,2009-10-25,3,Wolf
3692260,Tracy Smith,(799)841-8734,allenann@example.com,1982-04-21,1,Gutierrez
2597420,Victoria Green,689-854-2781,dmorton@example.org,2005-06-10,4,Murphy
8467132,Susan Nguyen,249.549.1186,christopher03@example.com,1956-02-26,2,Schmidt
4756658,Matthew Williams,(248)689-9776,joshua39@example.org,2006-06-12,5,Vincent
1148341,Kathryn Romero,001-640-558-0996x81652,tfleming@example.org,2008-07-18,2,Bennett
5058358,Bethany Farrell,283.806.3261,brian00@example.net,2000-08-01,1,Rangel
5595857,Jessica King,(906)702-7404x214,lopezelizabeth@example.org,1950-04-14,2,Bruce
7812092,Christina Cruz,421-917-7595x354,obaird@example.org,1995-11-18,3,Collier
3868841,Carlos Manning,4595678893,jasonwilson@example.net,1977-12-06,2,Livingston
2079657,Joseph Liu,592-772-8213,rduncan@example.com,1949-07-01,4,Hernandez
2015507,Mariah Richards,7012905052,olee@example.org,2004-10-08,1,Odonnell
5868906,Vickie Powell,580-594-4358,hayesmargaret@example.net,1988-04-04,5,Stuart
7341837,Bobby Medina,(519)418-4682,whernandez@example.net,1988-06-21,3,Lawrence
7272992,Shane Monroe,+1-435-816-4014x667,kperry@example.net,1990-09-01,2,Pace
2500070,Carlos Hudson,+1-594-835-5376x01436,richardharmon@example.net,1956-11-29,1,Bennett
8772088,Brianna Morrison,+1-320-231-2329x2566,kimberlykline@example.com,1951-05-13,2,Hogan
6032435,Tyler Meyers,(294)219-0585x63361,christopherwells@example.net,1995-03-10,3,Herman
8226371,Sherry Baker,(617)368-9458,ymata@example.com,1995-12-28,4,Lawrence
2784886,Angela Reyes,921.947.0927x227,obowman@example.com,1963-09-29,2,Ford
7401631,Mr. Michael Lyons,001-244-693-8798x203,jorgedrake@example.com,1956-12-25,4,Andrade
1543674,Adam Guzman,498-617-3552x30777,bartlettmary@example.com,1953-08-28,3,Frazier
5819381,Patricia Patel,+1-976-294-3603x698,zgardner@example.com,2004-12-23,4,Potts
2901015,Jonathan Griffin,234.441.8862x6449,andrew58@example.com,1990-02-04,4,Patterson
6860822,John Marquez,(211)316-3783x6847,shieldsmatthew@example.org,1964-06-30,4,Mueller
5726173,Cathy Roberts,525.435.6863x315,kperez@example.com,1980-04-01,4,Howard
6757916,Jonathan Ellis,001-552-623-3116x08971,matthewoliver@example.com,1948-12-20,1,Vargas
9566168,Elizabeth Walker,(381)389-8977,qgardner@example.net,2003-01-10,4,Lopez
2254821,Sally Campbell,535.459.1489x56377,dwiley@example.com,1966-08-01,5,Taylor
7914098,Mr. Christopher Cervantes Jr.,876.680.1390,alfred35@example.net,1954-11-13,1,Herrera
1504850,Jamie Richards,001-395-258-2573,seanadams@example.com,2007-04-22,3,Hooper
6587803,Nicholas Porter,+1-696-390-8669x843,cgray@example.org,1976-02-18,5,Simon
8644426,Teresa Brown,524-774-2178x600,tricia92@example.com,2005-02-04,2,Merritt
1185925,Shelby Rivera DVM,8097296383,frankmelinda@example.org,1994-12-09,3,Rowe
1860984,Randy Rodriguez Jr.,(388)576-3552x95855,ian95@example.net,1977-08-19,1,Randolph
4245949,Jesse Arias,5433173513,derekwilson@example.com,1974-04-15,5,Howard
9112872,Michael Mitchell,001-991-819-0032,dmendoza@example.org,2004-12-02,2,Kaiser
4691903,Adam Nelson,387-769-0596x11592,laura44@example.com,1998-01-21,5,Edwards
1141682,Tyler Gutierrez,(753)882-6661x8167,thompsonthomas@example.org,2007-04-03,2,Jacobs
4039647,Russell Drake,2464153316,fordjoanne@example.com,1955-01-10,2,Hart
5789525,Michael Nelson,7992018787,smithmegan@example.org,1950-02-17,1,Acosta
9493888,Diane Melton,001-687-377-4726x026,edelgado@example.net,2008-01-15,3,Campos
7883180,John Graves,(717)411-0359x268,ifrey@example.org,1983-12-16,3,Mayo
9028190,Jason Gomez,+1-441-824-9503,sfox@example.net,1970-02-12,1,Boyle
3438768,Shannon Stevens,+1-399-804-8866x664,birdmary@example.com,1953-11-23,3,Livingston
1361465,Natasha Shaw,(235)891-1468x64666,martinbilly@example.org,1974-05-26,2,Hampton
8329501,Christopher Joyce,815-859-9296x047,ucoleman@example.com,1985-11-25,5,Sanford
2019687,Matthew Ayers,284.975.9420,brandon74@example.net,1989-07-05,2,Perkins
9138789,Vincent Pollard,001-885-286-0840x078,ywashington@example.com,1993-12-04,5,Brandt
4167112,Elizabeth May,001-751-630-9069x31300,qyork@example.org,2004-10-15,3,Santos
9247190,Daniel Lopez,+1-455-859-9605x43404,moniqueclark@example.net,1972-10-01,3,Stewart
3644922,Timothy Ramirez,775-584-5693,perryanna@example.com,1967-03-01,3,Gomez
4171286,Dr. Cheyenne Burns,423-660-5024,brittany43@example.com,1986-05-08,1,Walsh
5648480,John Parsons,(222)414-0010,ortizterrance@example.com,1964-02-04,3,Jacobs
1511460,Suzanne Norman,204-601-6485,johnsonrobert@example.org,1963-10-07,2,Mcintosh
1706100,Michael Cowan,713.546.3778,tammy28@example.net,1969-09-10,3,Wilkins
3395786,Michelle Jones,+1-880-714-1301,rogercastillo@example.org,1958-03-06,5,Li
6853759,Katie Perez,+1-576-405-4577x701,mfuller@example.net,1969-08-02,5,Jackson
2721648,Peter Gardner,+1-663-697-1385x680,jamesphillips@example.org,1988-05-26,4,Shaffer
9450461,Tyler Montgomery,240.560.8279x066,maurice18@example.net,1989-03-20,1,Cruz
5012601,Laura Pratt,+1-976-261-6985x1589,freemankathleen@example.org,2010-01-06,2,Pena
7816641,Terri Smith,5027821945,nataliegutierrez@example.com,1962-01-02,1,Riley
5105691,Daniel Nelson,954-658-2963x6380,tyork@example.org,1949-03-20,3,Gomez
1901613,Angela Brown,6387491230,delgadotheresa@example.com,1965-08-02,2,Tyler
5669700,Daniel Mendoza,+1-891-632-4352,joshua26@example.net,1965-08-04,5,Cordova
8297358,Matthew Crawford,639.944.1763x749,kschultz@example.org,2004-02-14,3,Herman
8203254,Patrick Armstrong,001-337-474-1419x60571,ryan77@example.net,2004-11-08,4,Lambert
8621401,Amanda Orr,+1-676-315-1461x8449,christina02@example.org,1984-11-13,4,Martinez
3311674,Victoria Cohen,001-212-593-7257x7594,dillon34@example.com,1973-01-30,5,Wolfe
2436394,Jeremy Kaufman,001-218-547-6741x8513,wsalazar@example.net,1975-03-15,3,Young
8132516,Karen Anderson,+1-378-873-1999x3027,johnsonalexander@example.net,1951-11-13,3,Frank
7441403,Brenda Patterson,256-655-9105,miguelcarlson@example.net,1967-12-06,5,Garcia
3830961,Elizabeth Oconnell,2505519569,joannajones@example.net,1974-02-11,4,Price
4815385,Evan Martinez,(266)991-8805,gonzalesmichael@example.com,1983-05-01,4,Rodriguez
9582967,Jacqueline Simmons,+1-351-284-7559x99488,mauricerussell@example.com,1960-05-16,2,Patton
4645172,Mckenzie Fletcher,229.294.1649,wjohnson@example.com,1970-05-18,5,Gomez
9537784,Vincent Rodriguez,001-563-581-6663x67329,kellylindsey@example.com,1951-06-21,2,Hooper
6177937,Wanda Chavez,(630)844-2897x64343,manuelmoses@example.net,1950-12-21,5,Maldonado
6997454,Melissa Wheeler,200-901-6381x21215,johnbailey@example.com,1956-09-09,4,Nelson
8566038,Cody Fischer,(438)638-6078,thompsonangela@example.net,1999-09-18,3,Stuart
4439169,James Stokes,532.704.2609x775,jkim@example.org,1971-11-05,2,Ryan
9217847,Timothy Houston,656-632-8538,whiteheadjennifer@example.net,1949-08-22,4,Holland
3293835,Dominique Gross,2344151876,juanclark@example.net,1996-06-24,2,Wang
9515119,Steven Combs,+1-501-849-9918x675,williamsmariah@example.net,1956-02-29,5,Mathews
5437711,Kelly Castro,001-507-595-6369x2502,michelle32@example.org,1982-08-24,5,Maldonado
2840289,Erik Saunders DDS,001-575-428-3482x229,kara78@example.com,1952-08-21,3,Woodard
2942920,Jeremy Adkins,(897)537-5982x74712,gflynn@example.org,2011-03-04,2,Jones
1437222,Jessica Rogers,(490)458-3610,morgan88@example.org,1986-07-14,3,Marks
6446555,Abigail Kramer,5586890212,mccarthycory@example.org,1958-09-03,4,Dorsey
9319449,John Acosta,001-303-285-8844x8911,bwilliams@example.com,1997-08-26,4,Duncan
1403806,Hunter Wilson,450.797.2045,hamiltonmario@example.net,1995-12-08,3,Proctor
6307481,Michael Jackson,001-550-804-2041x54027,cindyperry@example.org,1967-05-08,2,Velez
4497001,Terri Pham,001-995-407-3210x123,jeffreypowers@example.org,2009-02-05,4,Marks
5624782,Rhonda Morris,001-390-669-9740x524,johnnysims@example.org,1987-06-09,5,Peterson
7523225,Richard Elliott,001-469-747-6943,andersonsheila@example.com,1955-02-27,2,Young
6418675,Susan Todd,384-286-5886x904,judywang@example.net,2004-08-25,1,Hogan
9375783,Bryan Taylor,+1-615-411-0192x2892,richard95@example.net,2011-05-18,4,Schneider
7837649,Joseph Harris,503.701.3558x6592,nicholas86@example.net,1966-07-13,5,Benitez
3180611,Mr. Zachary Ortiz,558.427.0650x36804,roy29@example.com,1994-06-06,1,Hayes
1267907,Stephanie Jordan,(600)457-7544x547,tyler31@example.net,1985-03-26,4,Simmons
1359112,Ashley Gardner,001-578-894-6312x6015,stephaniethomas@example.com,1998-12-16,5,Alvarez
1831348,Melissa Griffin,449-406-5525x2352,gilbertkristen@example.org,1967-02-01,5,White
8995184,Logan Palmer,302.475.7476,austin86@example.com,1997-11-11,2,Barajas
2397551,Jared Ward,(560)315-1996,katherinemeadows@example.org,1996-04-02,1,Allen
2134831,Heather Ball,+1-632-801-8381x7025,tyler11@example.net,1954-10-10,5,Hebert
4080780,Mr. Randy Patterson,9076212613,garciamaria@example.com,2004-03-23,2,Serrano
3549724,Jerry Smith,(490)390-4740,tiffany62@example.net,1999-08-30,4,Coleman
2433541,Jeffrey Elliott,760-951-4950,abarker@example.net,1951-03-03,5,Williamson
9865996,Brandon Rodriguez,940-837-3411x98072,sullivanjeffrey@example.net,1953-11-05,1,Sims
3268717,Javier Donaldson,(858)214-1595,vayala@example.net,1981-02-25,1,Curry
8926520,Jason Farley,380.718.5617x46182,deborahrobinson@example.com,1950-10-04,3,Stevenson
1531264,Harold Barnes,001-435-343-8136x02473,mortonjessica@example.org,1964-03-31,3,Sims
8673003,Eric Snow,001-830-449-2751,mpage@example.com,1949-06-30,1,Blackburn
2343890,Suzanne Branch,001-444-958-7338x3970,scott36@example.org,2005-06-14,4,Ramirez
8061361,Jasmine Jackson,001-602-791-7945x06455,randy64@example.org,1991-03-20,2,Hunt
7744561,Tammy Torres,(383)290-6125x7772,perrybrian@example.net,1983-09-16,2,May
5861691,Joshua Brown,255.765.9714x5072,yjohnson@example.com,1957-05-22,3,Walters
8952908,Darren Jones,+1-630-481-6119x442,gparker@example.com,1989-12-13,4,Sanford
4737117,Amanda Norman,+1-547-699-9438,jeffery68@example.net,1971-05-25,3,Santos
1123383,Edward Cobb,926-519-4057x1757,knightjustin@example.org,2006-08-06,2,Powell
1526449,Kimberly Hudson,(504)239-9399x87504,gilesmichael@example.org,1975-03-02,1,Roach
7845646,Mark Lawrence,601.507.1804,snyderamanda@example.net,2006-07-20,2,Brown
6666956,Deborah Ford,+1-716-270-3810x8963,gailblake@example.net,1957-04-22,4,Mcknight
3996386,Kimberly Lambert,858-576-1280x73642,nhawkins@example.com,2010-01-16,4,Lam
8828702,Becky Wilson,(346)911-8378,athomas@example.org,1971-01-26,5,Dorsey
8045060,Dr. Matthew Rivera,340-443-5938x71756,carlossteele@example.net,1970-09-28,1,Church
9390524,Terry Reyes,+1-528-891-7671x21270,mary27@example.net,1990-06-06,2,Carlson
8390447,Debra Pierce,001-522-954-2348x8941,michellelawrence@example.org,1969-12-25,2,Kaufman
5125745,Kevin Webster,+1-650-924-0865x0916,joe90@example.net,1983-12-23,1,Walters
2986186,Melissa Mccoy,(430)309-0458x04384,duane66@example.net,1962-11-14,3,Rose
8513546,Angelica Dunn,(577)861-8974x9311,robertsamy@example.org,2009-07-30,4,Robertson
9665692,Adam Chambers,587-685-0710x4261,robert86@example.org,1989-05-25,2,Patel
9636176,Robert Cook,921.630.8086x1713,dawsonmike@example.org,2009-09-24,1,Bell
1145591,Dennis Foley,3894653532,jmcmillan@example.com,1986-09-11,3,Stevenson
9495706,Cristian Graves,001-492-967-9876x259,vsimpson@example.com,1975-07-29,4,Schneider
3277465,Carl Anderson,942-411-1909,tjohns@example.net,1981-03-17,1,Blackburn
4332970,Amber Smith,001-998-531-2041x23633,pcunningham@example.com,1960-12-07,4,Kaiser
7510029,Mr. Austin Rodriguez MD,+1-583-430-6150x86422,millerandrew@example.net,1953-01-04,2,Mcintosh
6092570,Samuel Johnson,001-400-410-1724x100,laurenchapman@example.net,1996-01-20,5,Hubbard
5455366,Anna Ward,5156773114,denisestephens@example.com,1988-03-27,2,Carlson
6538400,Sandra Berry,606.899.6468x2812,brianrasmussen@example.org,2010-04-27,5,Beck
8374046,Mark May,507-526-9528,jameswoods@example.net,1991-01-25,4,Nixon
9596102,Daniel Hall,214.491.8447,keith42@example.com,1975-03-18,5,Carpenter
3569313,Randy Brown,(988)335-3869x11494,grace95@example.org,1951-11-29,4,Mathis
1124687,Joel Cardenas,5846856681,wilsonsydney@example.com,1995-07-30,2,Schneider
6753811,Jacob Cook,908-281-2593x6195,adavis@example.com,1995-11-11,4,Nicholson
9926459,William Wood,+1-698-523-2761x930,fernandezmatthew@example.net,1999-11-19,5,Chan
6289916,Heather Colon,807.344.0104x87173,johndiaz@example.org,1963-06-20,3,Navarro
8199148,Deanna Carlson,754.229.2213,leedestiny@example.net,1964-10-26,2,Mathews
6396352,Rebecca Newton,561-932-0228,thoward@example.org,1993-06-01,2,Monroe
5554436,Traci Martinez,+1-327-299-4922x9945,kimberly10@example.com,2007-05-06,4,Compton
3480308,Ricardo Powell,335.212.7406x696,garciakimberly@example.net,1954-04-28,3,Horton
5685070,John Ross,6054598839,morganjustin@example.com,1966-09-05,4,Hawkins
6144572,Colleen Johnson,001-795-628-3645,turnerkelly@example.com,1977-02-27,5,Williamson
2911459,Mary Morgan,001-254-626-9080x6145,michael44@example.org,1967-05-31,3,Osborne
9476022,Kristina Garrison,+1-914-887-1141x4810,mcculloughapril@example.org,2010-11-27,3,Tapia
2189063,Sarah Richardson,+1-597-896-2498x0443,jpage@example.net,1994-12-15,4,Thompson
3498583,Christopher Nolan,8434760584,sanchezanne@example.net,1952-01-22,1,Mueller
3104729,Amanda Gates,410-442-4912x38710,cunninghamjack@example.com,1981-11-18,2,Vargas
4906674,Elizabeth Mason,(962)437-4546x7989,tony66@example.org,1976-10-29,5,Nguyen
8925982,Lisa George,+1-762-499-1771x29789,michaelwilkins@example.net,1989-11-06,4,Spence
6073928,Gerald Freeman,001-205-587-9568,uthomas@example.net,1971-12-07,4,Haas
2620879,Sheila Johnston,001-586-441-7084,cristianwarner@example.net,2011-02-13,3,Kim
2954086,Steven Holmes,9657979387,annmoore@example.org,1984-12-11,5,Rangel
8199607,Mark Juarez,551.762.5759x34423,davismark@example.net,1961-09-09,4,Morris
7291559,Beth David,485-410-3221x689,pollardcarmen@example.org,1982-05-26,3,Carlson
8637754,Brian Dunn,(971)301-1221x234,freemandana@example.org,2006-01-05,1,Escobar
4333707,Curtis Fitzgerald,485-406-1101,autumnsanders@example.com,1974-10-21,5,Campos
8708646,Kristy Williams,7477389031,greghines@example.com,1996-07-03,1,Ross
9933545,Pamela Mendez,242-938-5715x07437,gmendoza@example.org,2008-10-01,2,Hall
7105471,William Smith,+1-829-721-2711x77288,uwarren@example.com,2008-07-22,1,Osborne
5995522,Derek Jimenez,001-534-514-4674,malik80@example.com,1974-03-03,5,Blackburn
7536502,John Suarez,859-736-2275x4128,scottruben@example.com,1962-06-27,2,Howard
7211792,Andrew Simpson,(223)521-3285x0470,david72@example.net,1985-06-11,5,Montgomery
5716175,Daniel Barber,(448)545-9435,ebeck@example.com,1981-05-08,2,Gardner
5103998,Michael Mclean,2395867475,gilbertjames@example.com,2008-04-17,2,Ramirez
1159949,Daniel Madden,001-982-676-4920x371,annhood@example.com,1999-12-12,4,Nicholson
8065879,Jesse Butler,(726)641-8361,ulewis@example.com,1997-05-04,4,Chan
9155324,Todd Mitchell MD,440.769.2779x9026,walkerjeffrey@example.com,1991-12-09,4,Ballard
4786943,Dr. Angela Hinton,394.680.2482x66472,daviseric@example.com,1976-12-25,3,Robbins
8199309,Annette Shelton,982-695-7492x6692,heather46@example.org,1990-11-12,2,Gonzalez
2138590,Veronica Atkins,(624)488-9766,shannonlozano@example.com,2007-11-18,3,Li
6838959,Jennifer Merritt,369-830-0451,jamesschwartz@example.com,2008-12-28,4,Austin
4464253,Denise Taylor,001-841-557-3343,kristinvang@example.com,1978-06-29,2,Weaver
4376059,Jason Butler,798.204.5873x9796,clairecarey@example.net,1969-01-07,3,Olsen
4912665,Kathy Dunn,(714)682-2530x854,qwhitaker@example.org,2011-04-06,3,Johnson
1097486,John Stark,6486569410,benjaminmoore@example.net,2008-01-07,2,Schroeder
1146892,Shelby Nelson,001-812-212-9932x97975,williamramirez@example.net,1958-08-27,5,Rowland
1696551,Scott White,813.964.4615,srivera@example.org,2000-03-20,4,Keith
2694607,Laura White,(692)773-5012x13647,owatson@example.net,1972-04-23,3,Goodman
5578043,John Scott,863.260.3954x51035,cwalton@example.com,1985-05-24,2,Walsh
3404558,Alexis Miller,739-386-1224,tracy12@example.com,1987-03-20,5,Villegas
5522823,Mike Jordan,+1-338-442-6822x373,edwardwolfe@example.com,1955-08-29,2,Richardson
1703587,Christine Chase,493-746-9976x727,gomezstephen@example.net,1988-05-16,4,Hill
1304031,Jennifer Heath,001-750-943-2496x232,scurtis@example.net,2009-11-09,1,Liu
2129700,Cynthia Pena,(349)549-5002x37818,mclark@example.org,1961-07-11,5,Fernandez
7348825,Dennis Diaz,001-748-512-1648x25890,fowlerlance@example.org,1980-06-30,4,Coleman
6664415,Ashley Thornton,668.473.2627,jamesguzman@example.org,2002-10-08,2,Freeman
7237483,Amber Nelson,944-751-9528,xhill@example.net,1975-01-06,4,Perry
5311211,Karen Bradley,270-998-6312,carlaharrison@example.org,1987-06-29,4,Lawrence
9010135,Roberto Finley,7559040796,ericwalker@example.org,1954-02-28,1,Ballard
8079893,Traci Jones,+1-818-507-1174x52074,ztaylor@example.net,2003-09-01,5,Hoffman
