phone_number,email,l_id,l_name,salary_per_month
376-658-2340,mbestiman0@tinypic.com,2572612,Madelyn Bestiman,34855
789-688-9646,vsheldrake1@hibu.com,7581301,Victoir Sheldrake,34855
111-820-2171,amacrow2@kickstarter.com,6308513,Art Macrow,32482
308-328-1739,fglusby3@histats.com,7500983,Franzen Glusby,24850
878-500-3884,lbowfin4@usnews.com,2011146,Llewellyn Bowfin,44920
323-113-8673,fcready5@globo.com,3526140,Faith Cready,43233
504-297-1631,gnoye6@instagram.com,8196799,Gardy Noye,33594
600-257-4638,cmoriarty7@eepurl.com,8145084,Cynde Moriarty,29913
838-794-2538,gwolfinger8@redcross.org,5774904,Gill Wolfinger,35678
747-172-6629,tkinneir9@prnewswire.com,2681022,Tiffani Kinneir,42217
171-964-7912,rboyda@nbcnews.com,2881497,Rolph Boyd,31157
623-883-7920,lipgraveb@tripod.com,3973898,Lanna Ipgrave,42707
481-386-0505,msoamesc@usnews.com,4416533,Maddie Soames,24253
846-938-2167,jbadseyd@wsj.com,3358301,Jannel Badsey,36779
598-853-6189,wslymee@mlb.com,7427083,Wye Slyme,34941
683-526-6783,rberthomierf@timesonline.co.uk,2096038,Reagan Berthomier,25507
752-581-5977,cnewtong@rakuten.co.jp,8388633,Cristionna Newton,32870
287-579-5600,rnormandaleh@mapy.cz,7434575,Roi Normandale,30523
970-696-2191,elinnardi@phoca.cz,4831180,Ebony Linnard,27076
858-591-9801,gfettisj@walmart.com,7673953,Granthem Fettis,20253
422-349-2547,llampek@lycos.com,1738788,Lauryn Lampe,34001
325-817-2009,tabarrowl@spiegel.de,7502498,Tome A'Barrow,24361
972-340-8299,bkleinertm@blogger.com,9299919,Burlie Kleinert,38645
506-306-9813,khusseyn@columbia.edu,9767044,Kaye Hussey,20615
734-951-9764,dstanlacko@xinhuanet.com,7215772,Desmond Stanlack,34874
374-771-2155,dschimaschkep@arizona.edu,5857488,Dorolisa Schimaschke,24895
301-941-9192,jbeumantq@mlb.com,2322153,Janeta Beumant,37174
833-296-2959,btweder@hc360.com,2456848,Burch Twede,29661
793-372-3335,zbuddles@squarespace.com,7401334,Zebadiah Buddle,35089
594-271-6243,rtwinbrowt@lulu.com,9876486,Roderich Twinbrow,23387
779-122-6802,pbloomfieldu@netvibes.com,3943756,Pearl Bloomfield,36703
770-834-7683,dstanbrov@chron.com,1074490,Drucie Stanbro,43149
182-163-9679,clexaw@theglobeandmail.com,4054024,Cyndy Lexa,29942
794-532-7325,sreignouldx@webeden.co.uk,4270164,Selig Reignould,30919
555-336-2802,hwardley@vistaprint.com,6893824,Hyacinthie Wardle,29086
256-740-6760,jdez@paginegialle.it,7584740,Josh de Zamora,37716
501-949-5476,ggillford10@pen.io,7251404,Gennie Gillford,21106
922-858-6277,jgrzegorecki11@geocities.jp,4753861,Joli Grzegorecki,41014
884-171-9430,remloch12@fema.gov,4088631,Renell Emloch,39093
295-793-1032,tstubbeley13@wikia.com,8691772,Tamqrah Stubbeley,36501
610-813-3522,jgreasley14@mlb.com,4563335,Jaime Greasley,28477
524-253-3237,amaylor15@parallels.com,6693630,Anabelle Maylor,34826
250-775-1337,kpiris16@nydailynews.com,6649137,Keelia Piris,37034
634-724-4431,bmcwaters17@si.edu,7136954,Berthe McWaters,34725
159-208-4389,jorrocks18@list-manage.com,6848730,Jolyn Orrocks,22291
199-628-3881,cseivertsen19@example.com,3036229,Colline Seivertsen,35120
554-883-7750,bmitchall1a@imdb.com,2099211,Benito Mitchall,27255
346-375-9313,hfraschini1b@nbcnews.com,4698561,Hanny Fraschini,29344
656-819-3101,womoylan1c@histats.com,7745786,Winfred O'Moylan,37162
824-670-3409,dgirt1d@usgs.gov,5734177,Delmar Girt,20968
568-440-5701,mfernan1e@miitbeian.gov.cn,6351243,Marie Fernan,40683
324-506-2644,gbareford1f@berkeley.edu,9609387,Gratiana Bareford,24624
409-985-4918,pmitchard1g@usatoday.com,4541335,Prue Mitchard,31260
598-831-9575,tmullender1h@ucoz.com,4669594,Terri-jo Mullender,20321
462-171-6314,mvasilchenko1i@bizjournals.com,9692155,Mattie Vasilchenko,33012
385-417-2467,alaity1j@ucoz.com,4974454,Antonius Laity,29276
914-541-0243,mbirds1k@utexas.edu,4896899,Minny Birds,37403
620-977-5635,eabram1l@4shared.com,7309209,Eberto Abram,40403
842-174-4969,lgirod1m@blogtalkradio.com,7043692,Lusa Girod,32440
164-375-0776,doverlow1n@liveinternet.ru,4293746,Donnie Overlow,34447
258-265-2611,hiron1o@desdev.cn,3834855,Hermy Iron,24703
629-494-8400,jbulford1p@ted.com,4618278,Jaquith Bulford,27879
424-182-8631,blisimore1q@gnu.org,5962643,Beaufort Lisimore,29856
972-909-0221,nwoodcock1r@senate.gov,8054840,Napoleon Woodcock,39266
645-274-4801,scraddock1s@mit.edu,8262922,Sue Craddock,37835
371-760-1317,cklimkiewich1t@newsvine.com,6815672,Crosby Klimkiewich,34752
590-631-5850,jcookes1u@berkeley.edu,8887037,Jelene Cookes,34259
560-777-2262,tfilshin1v@tiny.cc,4405742,Theobald Filshin,37357
671-114-5939,gcristofalo1w@jugem.jp,9890506,George Cristofalo,39732
570-676-2104,bleyes1x@soundcloud.com,6100446,Berke Leyes,28362
512-775-7486,hmacmillan1y@ox.ac.uk,2223230,Hallsy MacMillan,33283
850-636-3009,pebbetts1z@nyu.edu,3611867,Philis Ebbetts,24716
509-931-4727,rsmewings20@miitbeian.gov.cn,9936091,Ruthy Smewings,36310
654-119-8276,pbridewell21@archive.org,3252352,Pernell Bridewell,37026
289-930-9913,pmattke22@forbes.com,1964505,Pammy Mattke,29976
182-309-8856,poccleshaw23@51.la,2335303,Perrine Occleshaw,44401
115-179-0676,nsmillie24@indiegogo.com,5897754,Nanete Smillie,44980
996-969-4695,kwybourne25@wufoo.com,8136632,Karyn Wybourne,39160
186-890-0742,flayfield26@google.co.uk,2436990,Far Layfield,26874
273-922-6504,etreves27@furl.net,3109235,Errick Treves,42689
973-431-2166,rhacon28@cbsnews.com,5653819,Rourke Hacon,42964
606-155-8427,twasson29@mtv.com,1482519,Tracy Wasson,44678
619-964-1427,mwherton2a@example.com,8388003,Martita Wherton,39257
778-623-8616,rbryan2b@ihg.com,4965037,Robbyn Bryan,25103
702-830-6909,ksango2c@yahoo.com,3767994,Kinna Sango,22407
875-335-9323,vmorcom2d@smugmug.com,7923770,Vernice Morcom,39744
888-457-7846,dbexon2e@seesaa.net,6835037,Dante Bexon,26228
690-688-1271,rlyptrit2f@ebay.co.uk,1547065,Robby Lyptrit,44231
336-810-0002,diacovaccio2g@pen.io,5248580,Durand Iacovaccio,40607
835-379-1170,rwimpey2h@sciencedirect.com,3119923,Rahel Wimpey,40494
388-432-6674,fballay2i@devhub.com,7281570,Fey Ballay,33632
812-365-5010,gthumim2j@ebay.co.uk,5548279,Gaby Thumim,23836
476-259-5250,bdowtry2k@google.de,6327085,Bellina Dowtry,32548
499-605-1500,wshevlin2l@sphinn.com,2950710,Wayland Shevlin,42073
279-708-1942,bnewling2m@unblog.fr,7460944,Bianka Newling,43996
229-931-1007,elairdcraig2n@moonfruit.com,4487532,Evangelia Laird-Craig,31246
671-620-5397,gflannery2o@auda.org.au,5246758,Galven Flannery,37877
328-608-9713,alantaph2p@gnu.org,7516331,Alphonse Lantaph,21914
688-592-9402,fpumphrey2q@dion.ne.jp,7165265,Florida Pumphrey,35036
798-908-8070,tbischof2r@ed.gov,6983781,Thoma Bischof,24804
847-894-8982,dlashford2s@printfriendly.com,2999559,Dougy Lashford,44396
708-606-9096,cdrover2t@cafepress.com,1074965,Caron Drover,20928
676-881-9129,jcapel2u@princeton.edu,7008867,Jeff Capel,38615
759-526-3139,acristofanini2v@ehow.com,4249091,Atalanta Cristofanini,22961
432-599-5847,mlefley2w@facebook.com,6029626,Malory Lefley,24639
345-318-7686,nbernadot2x@irs.gov,4706549,Nikkie Bernadot,21986
723-350-4873,gmccobb2y@youtu.be,2215691,Garik McCobb,24232
100-954-2480,dreinger2z@cornell.edu,6357409,Diana Reinger,29864
577-716-6031,rbrooking30@ow.ly,8639668,Reinald Brooking,36518
395-483-3161,vtreadgear31@weibo.com,5630221,Vida Treadgear,20303
521-744-9552,lpughsley32@globo.com,9402221,Laurette Pughsley,38427
224-314-1531,gmullaney33@irs.gov,1162796,Gert Mullaney,20471
772-571-9164,hglazier34@google.com.au,1683973,Hayyim Glazier,23009
829-907-4753,alenton35@utexas.edu,8789880,Ailsun Lenton,38486
910-231-5684,gtilby36@pagesperso-orange.fr,1596064,Gav Tilby,42102
767-911-2763,rriggert37@samsung.com,8807376,Rex Riggert,35030
147-960-6985,eworg38@plala.or.jp,9303964,Ettore Worg,22325
766-489-8846,smaccaull39@miibeian.gov.cn,6508430,Salli MacCaull,42394
339-680-8075,cpalay3a@hubpages.com,8980267,Codie Palay,33116
933-155-2245,dyantsev3b@istockphoto.com,2492660,Dietrich Yantsev,29224
493-783-6258,ychable3c@webs.com,3084814,Yurik Chable,42800
176-634-0075,pnicolson3d@jiathis.com,3908216,Phebe Nicolson,38664
302-333-4622,ckennaway3e@unesco.org,2758403,Chrystal Kennaway,43625
621-603-4035,bspohr3f@taobao.com,5029551,Brett Spohr,42383
349-204-8666,dfroome3g@deliciousdays.com,6728576,Drucie Froome,31323
928-943-4292,lborles3h@weebly.com,8954448,Lilia Borles,35375
959-505-7783,aarguile3i@goo.ne.jp,4617361,Aloin Arguile,31995
691-660-5544,smitchall3j@ycombinator.com,7258961,Sukey Mitchall,22230
123-838-5682,fgerwood3k@nps.gov,2781612,Frannie Gerwood,22277
260-706-2733,jfinden3l@de.vu,8841041,Joelly Finden,23374
344-599-6893,amatanin3m@microsoft.com,7821058,Abraham Matanin,23906
984-271-0402,apoupard3n@foxnews.com,2415135,Annalise Poupard,20277
724-752-7151,aparcells3o@irs.gov,7721899,Angelina Parcells,21748
571-523-0704,mrizzini3p@comsenz.com,8973430,Murielle Rizzini,36853
307-349-7771,nmcaughtry3q@histats.com,5153808,Nealson McAughtry,25924
167-616-6694,hcupitt3r@pcworld.com,6366525,Hervey Cupitt,31525
562-137-3469,ttoman3s@desdev.cn,4103527,Torrance Toman,37971
376-620-4458,fpostans3t@google.com.hk,1830474,Ferdinand Postans,38938
796-804-5253,nbuckberry3u@fema.gov,6616002,Nigel Buckberry,42723
811-360-2820,tnecolds3v@census.gov,4538567,Talbert Necolds,32257
547-898-8674,soury3w@loc.gov,9033236,Sigmund Oury,26583
610-230-0604,cfardy3x@cnbc.com,1531657,Cristiano Fardy,37356
332-869-1970,rgraveney3y@usnews.com,3736958,Russell Graveney,24725
702-740-0905,jscrase3z@wikimedia.org,1951288,Jim Scrase,38515
552-605-1019,shylton40@cmu.edu,9862140,Shandeigh Hylton,28372
849-333-1455,echarsley41@naver.com,5630776,Elinore Charsley,37452
646-274-5848,rpisculli42@histats.com,9601005,Reamonn Pisculli,38997
342-913-7843,ggorini43@booking.com,3748996,Gail Gorini,42626
943-809-1428,mlowings44@a8.net,3450520,Mahalia Lowings,38500
703-312-2187,ljayne45@artisteer.com,7824771,Lezlie Jayne,30339
149-758-8314,sfright46@fc2.com,7019457,Shurlocke Fright,24519
695-533-8999,ebradnum47@qq.com,5448810,Elfrieda Bradnum,36744
147-162-6344,rpalek48@berkeley.edu,2794098,Rickie Palek,43694
221-273-7844,jpantone49@telegraph.co.uk,1859032,Joannes Pantone,33311
490-975-3492,lpostin4a@hibu.com,6233571,Lewiss Postin,29173
518-946-9179,acaldecourt4b@histats.com,6248681,Atlanta Caldecourt,27307
906-780-4552,cofinan4c@angelfire.com,4908977,Colette O'Finan,24949
796-662-0462,hchesnay4d@cafepress.com,8313426,Hillary Chesnay,33323
551-629-0005,psinyard4e@w3.org,8760213,Pansy Sinyard,38216
803-791-5070,msunners4f@ft.com,1540487,Melisse Sunners,36420
351-912-8042,kborsnall4g@adobe.com,5072043,Katrinka Borsnall,40104
904-126-4649,bmcileen4h@ihg.com,9942768,Brennan McIleen,38171
823-408-6798,gpautot4i@studiopress.com,9126977,Gwenneth Pautot,23036
762-539-8850,ichristoffe4j@dropbox.com,1532929,Irita Christoffe,24342
236-185-9441,tsorrell4k@spiegel.de,6231960,Tracy Sorrell,36160
226-446-3535,mmangon4l@usa.gov,4747380,Maxy Mangon,29905
512-976-9626,lguidera4m@fda.gov,6728170,Lyndsay Guidera,28645
676-439-1019,jblacksland4n@shop-pro.jp,1706236,Julita Blacksland,24765
315-657-7268,obullin4o@i2i.jp,1481144,Orelia Bullin,42264
826-997-0537,iseint4p@plala.or.jp,8173128,Inge Seint,32252
273-815-7316,pkirkland4q@dagondesign.com,4031751,Perice Kirkland,30012
168-501-3966,sfielders4r@princeton.edu,6990207,Shelba Fielders,30411
785-586-3495,sbilam4s@seattletimes.com,4530283,Sherline Bilam,42781
719-394-2945,cgill4t@alexa.com,4621481,Clio Gill,29092
206-223-3721,apryor4u@virginia.edu,1750133,Allene Pryor,34910
574-671-1096,mring4v@mail.ru,2989749,Mada Ring,32772
314-756-1572,rjutson4w@oracle.com,5877521,Rheta Jutson,32624
829-948-2921,fjemison4x@time.com,1674328,Fiann Jemison,30979
600-603-6278,cgrowcott4y@deviantart.com,2239636,Clarke Growcott,32321
717-869-0241,emarrett4z@example.com,4430016,Ephraim Marrett,39748
127-109-5823,ogwioneth50@springer.com,9505795,Oralle Gwioneth,27941
997-668-6670,aalgie51@booking.com,3268863,Anastasia Algie,23141
772-709-4571,bbutner52@archive.org,4056997,Bunni Butner,27481
293-731-4862,rwoolacott53@ibm.com,2844208,Robbi Woolacott,43438
685-645-2694,mnewe54@dedecms.com,1479848,Miranda Newe,21733
444-399-5212,edackombe55@reference.com,1823034,Edgard Dackombe,32581
560-303-0417,dpassingham56@theguardian.com,3008094,Daloris Passingham,22919
930-581-5599,dpetzold57@csmonitor.com,5116101,Dorena Petzold,41638
880-563-1809,lgreer58@ox.ac.uk,7386568,Larisa Greer,27978
693-875-5797,lwinfrey59@state.gov,7159588,Laureen Winfrey,26348
601-574-8221,msellen5a@ucla.edu,2037398,Marline Sellen,37240
396-352-8968,temanuelov5b@t.co,8870469,Tynan Emanuelov,36592
552-717-2093,vmayling5c@princeton.edu,1272874,Vinny Mayling,37654
678-380-9858,sdeverale5d@hexun.com,2552044,Shermie Deverale,32009
561-390-2743,cbinley5e@blogtalkradio.com,1524988,Cordelie Binley,24901
994-690-2420,mspadoni5f@aboutads.info,1295256,Morganne Spadoni,31306
807-398-8781,ndruhan5g@umn.edu,9297437,Nedi Druhan,25295
304-570-8209,mloade5h@alibaba.com,9486804,Merry Loade,37812
950-126-4318,agirauld5i@columbia.edu,7987417,Aigneis Girauld,38919
673-553-0114,lgirke5j@nationalgeographic.com,9012373,Leann Girke,40760
472-550-2233,amuckian5k@goodreads.com,5294402,Alexandros Muckian,20546
916-276-5844,bmably5l@yahoo.co.jp,1431920,Blaine Mably,37173
717-925-6008,pyeatman5m@paypal.com,6672922,Pammie Yeatman,33820
237-225-6381,vsingers5n@cocolog-nifty.com,8710389,Victor Singers,34486
485-364-0287,ejorg5o@constantcontact.com,3941054,Ellen Jorg,36167
791-251-6120,vchaston5p@elpais.com,3786704,Viviana Chaston,28959
499-789-8384,bhatrey5q@unicef.org,3959541,Beltran Hatrey,42440
757-199-2390,btitterington5r@infoseek.co.jp,9862181,Braden Titterington,37831
761-328-9561,rpolland5s@chronoengine.com,7381082,Renae Polland,28431
969-501-4067,aoakenford5t@amazonaws.com,9969038,Alena Oakenford,21697
992-705-0517,cholmes5u@nih.gov,2677732,Clementina holmes,33798
258-305-1609,kwhyley5v@bbc.co.uk,4946672,Keefe Whyley,30573
138-488-1395,astrotone5w@google.pl,7603578,Ancell Strotone,38305
388-380-0299,bquantrell5x@pen.io,2923906,Benjie Quantrell,28641
522-624-8932,memptage5y@1688.com,4818492,Michael Emptage,24819
510-446-9736,bruff5z@etsy.com,9348104,Brigitte Ruff,31976
188-428-7764,jmacmenemy60@imdb.com,9606523,Josi MacMenemy,25611
894-165-5593,shintzer61@nhs.uk,9454865,Skippy Hintzer,29687
534-728-1439,hwaumsley62@shop-pro.jp,8527301,Hilly Waumsley,24937
771-310-1438,bmerry63@smugmug.com,3100213,Beth Merry,41093
372-914-7596,ginott64@bloglovin.com,1965699,Gibby Inott,23145
526-517-8441,tbinny65@mozilla.org,1739161,Tracey Binny,31986
123-269-2935,npeppard66@jimdo.com,3342009,Noll Peppard,32785
411-935-5474,ybermingham67@stumbleupon.com,4815333,Yorke Bermingham,35398
493-565-3329,cpunch68@google.com,5305789,Ceil Punch,38495
210-926-6418,ghatcliffe69@trellian.com,5917200,Gizela Hatcliffe,41145
520-526-4440,esickert6a@altervista.org,8279848,Emily Sickert,44112
307-207-5245,cgiorgioni6b@youtube.com,6745374,Cherilyn Giorgioni,41067
456-235-9859,sdodsworth6c@ft.com,2442263,Shellysheldon Dodsworth,30831
365-962-7741,eioan6d@cornell.edu,4928286,Ezequiel Ioan,21949
105-668-4121,dmartell6e@howstuffworks.com,8042913,Darnell Martell,36688
245-902-0822,mmickleborough6f@gizmodo.com,6875876,Maurizio Mickleborough,29795
209-397-3772,djohnke6g@bigcartel.com,1714336,Darla Johnke,33122
389-330-9202,asemor6h@e-recht24.de,4442971,Alaric Semor,27353
324-231-1017,jnelthorpe6i@twitter.com,9880900,Jenelle Nelthorpe,24513
333-688-3583,jlecointe6j@trellian.com,8180334,Jesselyn Lecointe,42421
110-362-2739,bmaunsell6k@livejournal.com,1698640,Beauregard Maunsell,24509
253-291-8678,sspira6l@nps.gov,1250491,Stevy Spira,20390
383-529-2788,dwyant6m@java.com,9278603,Dianne Wyant,38087
219-708-8395,rkuhnt6n@jimdo.com,2795670,Rosabel Kuhnt,26865
128-943-4998,fkirtland6o@barnesandnoble.com,3733077,Francklin Kirtland,22409
802-336-5991,borae6p@studiopress.com,4767662,Betsy Orae,44914
544-793-6036,preace6q@paginegialle.it,1246712,Parnell Reace,37349
309-998-9996,cmose6r@vkontakte.ru,9631227,Clio Mose,25468
634-441-0971,vfucher6s@yale.edu,9845864,Virginie Fucher,26752
135-696-1138,lplaschke6t@sitemeter.com,9566715,Lita Plaschke,25397
915-279-2542,hstoite6u@newsvine.com,3947510,Hurlee Stoite,44309
496-792-8288,nvaines6v@elpais.com,5019671,Neile Vaines,23922
323-150-4731,djoiris6w@newyorker.com,7257023,Demetris Joiris,40155
654-196-6659,jjardein6x@wikipedia.org,9597821,Jeanine Jardein,36714
527-277-5975,mfieldsend6y@time.com,2655902,Monroe Fieldsend,31926
791-481-0676,mfrandsen6z@dell.com,6502794,Marve Frandsen,39329
578-726-2525,gconnelly70@qq.com,8828184,Gianna Connelly,23452
707-476-5209,ckoene71@pen.io,7841110,Carline Koene,43827
461-113-8524,asquirrel72@who.int,3595019,Aidan Squirrel,36491
280-192-3134,asaffe73@mlb.com,1037926,Alina Saffe,22976
902-302-1964,nleyban74@linkedin.com,9613255,Nancy Leyban,44718
218-376-1369,cwhiterod75@sun.com,9073125,Constantina Whiterod,32706
638-755-9603,mcollett76@aol.com,8301569,Misti Collett,40492
383-482-3754,cadams77@ebay.co.uk,3122867,Caria Adams,33644
895-403-0733,bgelland78@aol.com,7686825,Bride Gelland,41340
827-451-8794,jsaterweyte79@admin.ch,8783483,Jean Saterweyte,22204
641-834-4277,ghagwood7a@google.co.jp,4556107,Giacobo Hagwood,28074
991-189-6857,asowter7b@ustream.tv,1825781,Aimil Sowter,33830
607-658-5067,bdomange7c@independent.co.uk,3591353,Brigg Domange,26707
513-654-6020,rdedon7d@archive.org,3751127,Ronica Dedon,36713
137-431-4529,bvalentino7e@adobe.com,6528980,Bernardine Valentino,27957
260-578-1178,ekiely7f@elegantthemes.com,3874249,Evonne Kiely,44328
917-253-4743,agresham7g@sciencedirect.com,7719357,Ardine Gresham,21444
224-545-1897,mlehrahan7h@hhs.gov,5742196,Micheal Lehrahan,33910
209-512-7700,mever7i@businessweek.com,8331588,Margo Ever,42618
700-845-7410,pdeuss7j@baidu.com,1277344,Patience Deuss,34448
376-152-5995,jwhitwood7k@ustream.tv,6743949,Jeddy Whitwood,26716
954-306-0170,gavramovic7l@disqus.com,1663546,Gerti Avramovic,20391
236-867-1070,adilston7m@trellian.com,6638652,Alyce Dilston,33783
258-243-1827,ntrayhorn7n@vimeo.com,2964156,Nicol Trayhorn,34236
749-388-6678,bschofield7o@cargocollective.com,3786797,Brittney Schofield,37526
215-768-7051,tingon7p@shinystat.com,5692832,Tabby Ingon,22391
571-349-5071,mbrugh7q@aol.com,7297150,Mahmud Brugh,23122
136-968-9441,tcastaneda7r@dion.ne.jp,2543528,Tadd Castaneda,33255
310-649-2040,adreier7s@canalblog.com,3926109,Aloise Dreier,25836
894-780-9313,yscotland7t@bloomberg.com,6365454,Yorgos Scotland,39304
513-686-9196,mmamwell7u@dmoz.org,7917570,Malynda Mamwell,37640
990-623-9208,cobradane7v@privacy.gov.au,5092097,Charmine O'Bradane,35717
970-706-5957,efrostdyke7w@icio.us,7823724,Emyle Frostdyke,42954
512-376-8981,rwilber7x@rambler.ru,9443740,Rosamund Wilber,33388
874-919-9798,asyrett7y@hibu.com,6351340,Anders Syrett,36796
383-874-5251,ghamberstone7z@sun.com,1062889,Gavrielle Hamberstone,44926
201-617-5788,smockford80@cbsnews.com,7547482,Salomo Mockford,38279
306-590-4829,dboniface81@last.fm,4446866,Danny Boniface,27187
667-132-8276,dnorfolk82@sbwire.com,2406138,Dru Norfolk,35528
132-997-4992,bheak83@themeforest.net,3802121,Brenna Heak,38232
772-378-5696,mfraczek84@storify.com,5589480,Michele Fraczek,38493
520-534-4562,xdennant85@alibaba.com,9870871,Ximenes Dennant,42230
548-878-8849,mcridland86@ibm.com,4646834,Marquita Cridland,27562
544-897-4046,abedwell87@mapquest.com,9036429,Analise Bedwell,35622
991-637-5411,hemtage88@webmd.com,8327461,Hadleigh Emtage,31222
854-716-3856,rpischof89@kickstarter.com,5866797,Rana Pischof,22343
317-200-3772,bpettiward8a@businessinsider.com,7720083,Boycey Pettiward,25706
816-123-9125,vwolland8b@google.de,3156585,Vinnie Wolland,20470
561-464-3614,mwillbourne8c@netlog.com,5444704,Meghann Willbourne,30913
167-585-2847,dsergean8d@bloomberg.com,8042209,Denice Sergean,27059
318-167-3518,ljeaneau8e@bravesites.com,5345657,Lauretta Jeaneau,32196
727-106-9807,kroos8f@prnewswire.com,5760675,Kippy Roos,40154
869-982-8333,iperrott8g@weebly.com,7374516,Ikey Perrott,31117
710-128-8322,sluke8h@aboutads.info,1868409,Selinda Luke,42003
634-480-3359,klukasik8i@howstuffworks.com,8233442,Kathryn Lukasik,33446
469-396-6201,ayekel8j@bigcartel.com,2367363,Alejoa Yekel,26466
395-594-4738,mraywood8k@jugem.jp,7845097,Miranda Raywood,21963
759-726-1033,lbraben8l@w3.org,7953172,Lyn Braben,44710
614-641-6920,kscanlin8m@etsy.com,5917507,Kellby Scanlin,20184
889-977-3748,dburstow8n@umich.edu,6069325,Deanna Burstow,29339
414-667-5522,wviggars8o@is.gd,8194734,Wesley Viggars,38160
627-162-4331,gjedrachowicz8p@nps.gov,8971034,Gus Jedrachowicz,37238
631-707-3217,jidale8q@wix.com,6843493,Jareb Idale,43062
546-909-1340,abrandel8r@oracle.com,3867857,Aeriela Brandel,42974
123-276-6553,lschulze8s@state.gov,3913864,Luke Schulze,38261
611-939-3558,crobyns8t@cbsnews.com,4768881,Caria Robyns,35853
340-578-6683,dbriddle8u@google.pl,5940788,Dido Briddle,30172
827-583-0819,lsalerno8v@zdnet.com,5409654,Leese Salerno,35492
348-887-7328,cklimushev8w@arstechnica.com,8014341,Carey Klimushev,26860
774-657-2822,mgallanders8x@umich.edu,4274831,Margeaux Gallanders,44837
858-234-7503,jcallar8y@seattletimes.com,6763404,Jehu Callar,33048
386-184-3034,mchasson8z@usa.gov,2829327,Mimi Chasson,42808
377-117-9603,dbaribal90@netvibes.com,5086490,Danny Baribal,31700
669-193-5554,medes91@theatlantic.com,1854522,Misha Edes,33076
817-722-3046,lhuggan92@cbsnews.com,9872599,Lissi Huggan,25639
538-999-8636,mstanding93@illinois.edu,6542580,Merrill Standing,22604
658-969-8312,dkimbell94@xrea.com,3900720,Dominik Kimbell,23707
168-413-0132,nrowsel95@wired.com,6692198,Nannette Rowsel,39222
259-309-5684,bdenerley96@yellowbook.com,6131119,Belva Denerley,30886
130-146-7306,elivock97@ehow.com,2961307,Erin Livock,30538
122-900-7372,fgrimme98@icio.us,2161611,Felicity Grimme,33837
862-913-5640,adenley99@sciencedaily.com,7078874,Anjanette Denley,44645
896-866-3505,aorowane9a@sun.com,4201310,Abe O'Rowane,29280
357-638-9798,xdivisek9b@ocn.ne.jp,1964741,Xaviera Divisek,32771
540-594-4570,asevers9c@youku.com,3800967,Audi Severs,20556
740-481-8183,lkollach9d@bloglovin.com,1458135,Lavena Kollach,21533
769-759-5112,margent9e@ustream.tv,8839038,Mart Argent,20773
485-406-2757,adraisey9f@rakuten.co.jp,4771445,Archer Draisey,42025
231-686-7474,ngallegos9g@archive.org,5989601,Nanon Gallegos,35288
843-115-8972,gedgeson9h@nifty.com,2443407,Georgine Edgeson,21910
208-761-1732,ikomorowski9i@time.com,9483076,Ivar Komorowski,26846
602-648-2079,arevens9j@slate.com,8379529,Arielle Revens,24578
514-465-1182,wmayer9k@squarespace.com,7997225,Wade Mayer,35933
689-375-2433,snelissen9l@skype.com,3835144,Sandye Nelissen,31096
946-150-3660,msloley9m@indiatimes.com,5249407,Marjie Sloley,43623
377-204-5684,jbeardwood9n@amazon.co.jp,3245689,Josephine Beardwood,22974
980-686-7217,tmurden9o@a8.net,6340338,Tobiah Murden,36935
619-971-2659,ogeering9p@cafepress.com,9902405,Ora Geering,23652
967-918-2175,ilabbett9q@illinois.edu,6050411,Ingeborg Labbett,25304
145-993-6339,lmitskevich9r@about.me,3460167,Lilla Mitskevich,22026
123-274-0401,ktedman9s@answers.com,3538324,Kimberly Tedman,30188
569-103-6721,nclayden9t@google.pl,9012029,Natalie Clayden,35796
172-461-0570,mstrother9u@ihg.com,5026920,Mario Strother,25466
182-912-1810,fpedlar9v@examiner.com,5545524,Faith Pedlar,29945
550-170-5747,jglanton9w@soup.io,7234938,Julita Glanton,21203
184-720-8732,fthomson9x@scribd.com,4757250,Florian Thomson,22202
980-940-3621,tsnelman9y@cam.ac.uk,4272816,Tynan Snelman,42097
847-849-2616,arenyard9z@1und1.de,6848543,Alexandro Renyard,28237
920-102-5025,gmerwooda0@ask.com,7290432,Geoffrey Merwood,36136
334-716-6370,thammertona1@wiley.com,7943597,Therine Hammerton,42036
262-463-9990,zcodda2@oracle.com,1713697,Zack Codd,38176
527-335-1821,scarstairsa3@ed.gov,4584389,Serge Carstairs,23627
171-752-3595,jperkinsona4@google.es,5355386,Jarred Perkinson,20036
717-545-5510,apfeiffera5@homestead.com,9459436,Ava Pfeiffer,21029
824-425-7069,hceccolia6@privacy.gov.au,1047131,Heinrik Ceccoli,44131
615-580-0343,tbilbreya7@illinois.edu,7400797,Torrence Bilbrey,24768
288-113-3699,dmaryskaa8@uol.com.br,2440280,Darline Maryska,37327
946-206-1096,amcclaya9@prnewswire.com,9952507,Alisander McClay,44781
358-148-2634,mcafferyaa@51.la,4248961,Merna Caffery,25681
940-590-2213,spowlettab@hexun.com,6808796,Shawn Powlett,41695
538-357-1618,srosthornac@cisco.com,3830633,Sawyer Rosthorn,26682
353-304-9021,msprullad@ebay.com,3452270,Marilee Sprull,25202
190-775-8393,agowae@blinklist.com,6305871,Adriena Gow,43754
424-302-9792,wzimmermannsaf@php.net,1125164,Wallis Zimmermanns,25971
218-668-4310,jbrittanag@netvibes.com,2289012,Jerrold Brittan,39581
650-347-1969,dmantrupah@google.com.au,2502716,Dedra Mantrup,24594
415-298-7431,jcrosstonai@engadget.com,7716492,Jacki Crosston,39851
190-443-4305,morwellaj@bing.com,8679626,Masha Orwell,41395
346-491-1331,klohrensenak@chron.com,3995191,Kirstyn Lohrensen,32047
680-814-6291,jgalvinal@comcast.net,9052966,Jereme Galvin,33797
320-703-7802,arantoulam@sbwire.com,5162075,Anthia Rantoul,40000
441-767-8774,rbartalinian@dropbox.com,4727896,Reba Bartalini,21855
812-303-2192,vfennellao@cocolog-nifty.com,9998128,Vincenty Fennell,43474
677-458-9650,pstefiap@pen.io,9681450,Pearce Stefi,39711
951-443-2126,flealaq@ucsd.edu,9386347,Faina Leal,35739
491-817-7405,earundalear@shinystat.com,1812516,Eugene Arundale,20575
546-626-6170,mhuthartas@t-online.de,2295871,Melisa Huthart,22704
611-119-0177,lbreedsat@wufoo.com,2529079,Layton Breeds,27999
208-202-6307,ccrossinghamau@ftc.gov,7787435,Christoffer Crossingham,43014
161-905-8699,msaundersav@ask.com,4055375,Mikel Saunders,27661
109-623-8003,dcastelluzziaw@goo.ne.jp,1401452,Devland Castelluzzi,25559
159-696-6848,brevenax@w3.org,1593938,Brig Reven,35832
696-722-9678,tmaingotay@unblog.fr,8733974,Thorstein Maingot,35940
406-834-9186,acoltaz@moonfruit.com,2379493,Ariel Colt,37740
344-522-7448,lcouchmanb0@addthis.com,3711811,Laurens Couchman,28193
395-186-7706,lblaiklockb1@unesco.org,3555608,Lyndell Blaiklock,34523
773-929-3401,cmcimmieb2@slate.com,3467229,Case Mcimmie,38185
921-210-0008,mmartyginb3@google.es,8221190,Marshal Martygin,43902
